<annotation>
	<folder></folder>
	<filename>10_jpg.rf.c10270b1b18ba5eebb002be0ee09cac2.jpg</filename>
	<path>10_jpg.rf.c10270b1b18ba5eebb002be0ee09cac2.jpg</path>
	<source>
		<database>roboflow.com</database>
	</source>
	<size>
		<width>640</width>
		<height>640</height>
		<depth>3</depth>
	</size>
	<segmented>0</segmented>
	<object>
		<name>A</name>
		<pose>Unspecified</pose>
		<truncated>0</truncated>
		<difficult>0</difficult>
		<occluded>0</occluded>
		<bndbox>
			<xmin>38</xmin>
			<xmax>83</xmax>
			<ymin>160</ymin>
			<ymax>199</ymax>
		</bndbox>
	</object>
</annotation>
