<annotation>
	<folder></folder>
	<filename>10_jpg.rf.931c4081afb3ecd0fc03fc57d5c81435.jpg</filename>
	<path>10_jpg.rf.931c4081afb3ecd0fc03fc57d5c81435.jpg</path>
	<source>
		<database>roboflow.com</database>
	</source>
	<size>
		<width>640</width>
		<height>640</height>
		<depth>3</depth>
	</size>
	<segmented>0</segmented>
	<object>
		<name>A</name>
		<pose>Unspecified</pose>
		<truncated>0</truncated>
		<difficult>0</difficult>
		<occluded>0</occluded>
		<bndbox>
			<xmin>183</xmin>
			<xmax>232</xmax>
			<ymin>24</ymin>
			<ymax>70</ymax>
		</bndbox>
	</object>
</annotation>
