<annotation>
	<folder></folder>
	<filename>10_jpg.rf.d3e97a0906df63758385c7f67ccec735.jpg</filename>
	<path>10_jpg.rf.d3e97a0906df63758385c7f67ccec735.jpg</path>
	<source>
		<database>roboflow.com</database>
	</source>
	<size>
		<width>640</width>
		<height>640</height>
		<depth>3</depth>
	</size>
	<segmented>0</segmented>
	<object>
		<name>A</name>
		<pose>Unspecified</pose>
		<truncated>0</truncated>
		<difficult>0</difficult>
		<occluded>0</occluded>
		<bndbox>
			<xmin>62</xmin>
			<xmax>103</xmax>
			<ymin>127</ymin>
			<ymax>162</ymax>
		</bndbox>
	</object>
</annotation>
