<annotation>
	<folder></folder>
	<filename>12_jpg.rf.3e4dfc68e1027859d8da5b1040c35429.jpg</filename>
	<path>12_jpg.rf.3e4dfc68e1027859d8da5b1040c35429.jpg</path>
	<source>
		<database>roboflow.com</database>
	</source>
	<size>
		<width>640</width>
		<height>640</height>
		<depth>3</depth>
	</size>
	<segmented>0</segmented>
	<object>
		<name>A</name>
		<pose>Unspecified</pose>
		<truncated>0</truncated>
		<difficult>0</difficult>
		<occluded>0</occluded>
		<bndbox>
			<xmin>136</xmin>
			<xmax>186</xmax>
			<ymin>90</ymin>
			<ymax>133</ymax>
		</bndbox>
	</object>
</annotation>
