<annotation>
	<folder></folder>
	<filename>12_jpg.rf.ecdb5e2db58564630407ae1ae379f5b9.jpg</filename>
	<path>12_jpg.rf.ecdb5e2db58564630407ae1ae379f5b9.jpg</path>
	<source>
		<database>roboflow.com</database>
	</source>
	<size>
		<width>640</width>
		<height>640</height>
		<depth>3</depth>
	</size>
	<segmented>0</segmented>
	<object>
		<name>A</name>
		<pose>Unspecified</pose>
		<truncated>0</truncated>
		<difficult>0</difficult>
		<occluded>0</occluded>
		<bndbox>
			<xmin>181</xmin>
			<xmax>235</xmax>
			<ymin>58</ymin>
			<ymax>107</ymax>
		</bndbox>
	</object>
</annotation>
