<annotation>
	<folder></folder>
	<filename>12_jpg.rf.b6e90964f8c630f7c122fa28cf50300f.jpg</filename>
	<path>12_jpg.rf.b6e90964f8c630f7c122fa28cf50300f.jpg</path>
	<source>
		<database>roboflow.com</database>
	</source>
	<size>
		<width>640</width>
		<height>640</height>
		<depth>3</depth>
	</size>
	<segmented>0</segmented>
	<object>
		<name>A</name>
		<pose>Unspecified</pose>
		<truncated>0</truncated>
		<difficult>0</difficult>
		<occluded>0</occluded>
		<bndbox>
			<xmin>63</xmin>
			<xmax>112</xmax>
			<ymin>179</ymin>
			<ymax>220</ymax>
		</bndbox>
	</object>
</annotation>
