<annotation>
	<folder></folder>
	<filename>13_jpg.rf.d287b43e542498491949df201c7ab6fa.jpg</filename>
	<path>13_jpg.rf.d287b43e542498491949df201c7ab6fa.jpg</path>
	<source>
		<database>roboflow.com</database>
	</source>
	<size>
		<width>640</width>
		<height>640</height>
		<depth>3</depth>
	</size>
	<segmented>0</segmented>
	<object>
		<name>A</name>
		<pose>Unspecified</pose>
		<truncated>0</truncated>
		<difficult>0</difficult>
		<occluded>0</occluded>
		<bndbox>
			<xmin>205</xmin>
			<xmax>259</xmax>
			<ymin>27</ymin>
			<ymax>72</ymax>
		</bndbox>
	</object>
</annotation>
