<annotation>
	<folder></folder>
	<filename>13_jpg.rf.b0c1107d8a0b6e7876ee1c6daa4a6f7c.jpg</filename>
	<path>13_jpg.rf.b0c1107d8a0b6e7876ee1c6daa4a6f7c.jpg</path>
	<source>
		<database>roboflow.com</database>
	</source>
	<size>
		<width>640</width>
		<height>640</height>
		<depth>3</depth>
	</size>
	<segmented>0</segmented>
	<object>
		<name>A</name>
		<pose>Unspecified</pose>
		<truncated>0</truncated>
		<difficult>0</difficult>
		<occluded>0</occluded>
		<bndbox>
			<xmin>47</xmin>
			<xmax>100</xmax>
			<ymin>160</ymin>
			<ymax>199</ymax>
		</bndbox>
	</object>
</annotation>
