<annotation>
	<folder></folder>
	<filename>13_jpg.rf.42fc7839d39f1e76b92bc3d5514ac4a5.jpg</filename>
	<path>13_jpg.rf.42fc7839d39f1e76b92bc3d5514ac4a5.jpg</path>
	<source>
		<database>roboflow.com</database>
	</source>
	<size>
		<width>640</width>
		<height>640</height>
		<depth>3</depth>
	</size>
	<segmented>0</segmented>
	<object>
		<name>A</name>
		<pose>Unspecified</pose>
		<truncated>0</truncated>
		<difficult>0</difficult>
		<occluded>0</occluded>
		<bndbox>
			<xmin>49</xmin>
			<xmax>102</xmax>
			<ymin>156</ymin>
			<ymax>194</ymax>
		</bndbox>
	</object>
</annotation>
