<annotation>
	<folder></folder>
	<filename>14_jpg.rf.66db471436b66a9f83f3c794edfa0772.jpg</filename>
	<path>14_jpg.rf.66db471436b66a9f83f3c794edfa0772.jpg</path>
	<source>
		<database>roboflow.com</database>
	</source>
	<size>
		<width>640</width>
		<height>640</height>
		<depth>3</depth>
	</size>
	<segmented>0</segmented>
	<object>
		<name>A</name>
		<pose>Unspecified</pose>
		<truncated>0</truncated>
		<difficult>0</difficult>
		<occluded>0</occluded>
		<bndbox>
			<xmin>102</xmin>
			<xmax>141</xmax>
			<ymin>120</ymin>
			<ymax>148</ymax>
		</bndbox>
	</object>
</annotation>
