<annotation>
	<folder></folder>
	<filename>14_jpg.rf.092497acb3da5fb9b33646fd1fcef813.jpg</filename>
	<path>14_jpg.rf.092497acb3da5fb9b33646fd1fcef813.jpg</path>
	<source>
		<database>roboflow.com</database>
	</source>
	<size>
		<width>640</width>
		<height>640</height>
		<depth>3</depth>
	</size>
	<segmented>0</segmented>
	<object>
		<name>A</name>
		<pose>Unspecified</pose>
		<truncated>0</truncated>
		<difficult>0</difficult>
		<occluded>0</occluded>
		<bndbox>
			<xmin>187</xmin>
			<xmax>233</xmax>
			<ymin>51</ymin>
			<ymax>91</ymax>
		</bndbox>
	</object>
</annotation>
