<annotation>
	<folder></folder>
	<filename>14_jpg.rf.3e236fc9260e87e9670b4b371264d17f.jpg</filename>
	<path>14_jpg.rf.3e236fc9260e87e9670b4b371264d17f.jpg</path>
	<source>
		<database>roboflow.com</database>
	</source>
	<size>
		<width>640</width>
		<height>640</height>
		<depth>3</depth>
	</size>
	<segmented>0</segmented>
	<object>
		<name>A</name>
		<pose>Unspecified</pose>
		<truncated>0</truncated>
		<difficult>0</difficult>
		<occluded>0</occluded>
		<bndbox>
			<xmin>108</xmin>
			<xmax>148</xmax>
			<ymin>112</ymin>
			<ymax>142</ymax>
		</bndbox>
	</object>
</annotation>
