<annotation>
	<folder></folder>
	<filename>15_jpg.rf.0d59c15c4e352a702857c2e7d846f9f5.jpg</filename>
	<path>15_jpg.rf.0d59c15c4e352a702857c2e7d846f9f5.jpg</path>
	<source>
		<database>roboflow.com</database>
	</source>
	<size>
		<width>640</width>
		<height>640</height>
		<depth>3</depth>
	</size>
	<segmented>0</segmented>
	<object>
		<name>A</name>
		<pose>Unspecified</pose>
		<truncated>0</truncated>
		<difficult>0</difficult>
		<occluded>0</occluded>
		<bndbox>
			<xmin>68</xmin>
			<xmax>113</xmax>
			<ymin>188</ymin>
			<ymax>221</ymax>
		</bndbox>
	</object>
</annotation>
