<annotation>
	<folder></folder>
	<filename>15_jpg.rf.95af07403c6ab9af02b05bf3167d3af4.jpg</filename>
	<path>15_jpg.rf.95af07403c6ab9af02b05bf3167d3af4.jpg</path>
	<source>
		<database>roboflow.com</database>
	</source>
	<size>
		<width>640</width>
		<height>640</height>
		<depth>3</depth>
	</size>
	<segmented>0</segmented>
	<object>
		<name>A</name>
		<pose>Unspecified</pose>
		<truncated>0</truncated>
		<difficult>0</difficult>
		<occluded>0</occluded>
		<bndbox>
			<xmin>160</xmin>
			<xmax>207</xmax>
			<ymin>83</ymin>
			<ymax>121</ymax>
		</bndbox>
	</object>
</annotation>
