<annotation>
	<folder></folder>
	<filename>15_jpg.rf.7d6cad19b894f7c1236b18ea7fe0ea19.jpg</filename>
	<path>15_jpg.rf.7d6cad19b894f7c1236b18ea7fe0ea19.jpg</path>
	<source>
		<database>roboflow.com</database>
	</source>
	<size>
		<width>640</width>
		<height>640</height>
		<depth>3</depth>
	</size>
	<segmented>0</segmented>
	<object>
		<name>A</name>
		<pose>Unspecified</pose>
		<truncated>0</truncated>
		<difficult>0</difficult>
		<occluded>0</occluded>
		<bndbox>
			<xmin>49</xmin>
			<xmax>96</xmax>
			<ymin>231</ymin>
			<ymax>270</ymax>
		</bndbox>
	</object>
</annotation>
