<annotation>
	<folder></folder>
	<filename>16_jpg.rf.a46e0158c7669c1de9de9ceeda477c7f.jpg</filename>
	<path>16_jpg.rf.a46e0158c7669c1de9de9ceeda477c7f.jpg</path>
	<source>
		<database>roboflow.com</database>
	</source>
	<size>
		<width>640</width>
		<height>640</height>
		<depth>3</depth>
	</size>
	<segmented>0</segmented>
	<object>
		<name>B</name>
		<pose>Unspecified</pose>
		<truncated>0</truncated>
		<difficult>0</difficult>
		<occluded>0</occluded>
		<bndbox>
			<xmin>57</xmin>
			<xmax>113</xmax>
			<ymin>265</ymin>
			<ymax>311</ymax>
		</bndbox>
	</object>
</annotation>
