<annotation>
	<folder></folder>
	<filename>16_jpg.rf.6f534510b02da8da06eebe3068150a45.jpg</filename>
	<path>16_jpg.rf.6f534510b02da8da06eebe3068150a45.jpg</path>
	<source>
		<database>roboflow.com</database>
	</source>
	<size>
		<width>640</width>
		<height>640</height>
		<depth>3</depth>
	</size>
	<segmented>0</segmented>
	<object>
		<name>B</name>
		<pose>Unspecified</pose>
		<truncated>0</truncated>
		<difficult>0</difficult>
		<occluded>0</occluded>
		<bndbox>
			<xmin>56</xmin>
			<xmax>112</xmax>
			<ymin>276</ymin>
			<ymax>324</ymax>
		</bndbox>
	</object>
</annotation>
