<annotation>
	<folder></folder>
	<filename>16_jpg.rf.a4121928ac840771845a7ac09b438187.jpg</filename>
	<path>16_jpg.rf.a4121928ac840771845a7ac09b438187.jpg</path>
	<source>
		<database>roboflow.com</database>
	</source>
	<size>
		<width>640</width>
		<height>640</height>
		<depth>3</depth>
	</size>
	<segmented>0</segmented>
	<object>
		<name>B</name>
		<pose>Unspecified</pose>
		<truncated>0</truncated>
		<difficult>0</difficult>
		<occluded>0</occluded>
		<bndbox>
			<xmin>83</xmin>
			<xmax>134</xmax>
			<ymin>196</ymin>
			<ymax>229</ymax>
		</bndbox>
	</object>
</annotation>
