<annotation>
	<folder></folder>
	<filename>17_jpg.rf.9d22194c4d7b3bd6784276f52a21cff8.jpg</filename>
	<path>17_jpg.rf.9d22194c4d7b3bd6784276f52a21cff8.jpg</path>
	<source>
		<database>roboflow.com</database>
	</source>
	<size>
		<width>640</width>
		<height>640</height>
		<depth>3</depth>
	</size>
	<segmented>0</segmented>
	<object>
		<name>B</name>
		<pose>Unspecified</pose>
		<truncated>0</truncated>
		<difficult>0</difficult>
		<occluded>0</occluded>
		<bndbox>
			<xmin>176</xmin>
			<xmax>220</xmax>
			<ymin>105</ymin>
			<ymax>141</ymax>
		</bndbox>
	</object>
</annotation>
