<annotation>
	<folder></folder>
	<filename>17_jpg.rf.655b03848c79c60ded2d7f519d50d807.jpg</filename>
	<path>17_jpg.rf.655b03848c79c60ded2d7f519d50d807.jpg</path>
	<source>
		<database>roboflow.com</database>
	</source>
	<size>
		<width>640</width>
		<height>640</height>
		<depth>3</depth>
	</size>
	<segmented>0</segmented>
	<object>
		<name>B</name>
		<pose>Unspecified</pose>
		<truncated>0</truncated>
		<difficult>0</difficult>
		<occluded>0</occluded>
		<bndbox>
			<xmin>121</xmin>
			<xmax>160</xmax>
			<ymin>161</ymin>
			<ymax>187</ymax>
		</bndbox>
	</object>
</annotation>
