<annotation>
	<folder></folder>
	<filename>19_jpg.rf.f089e6b36126bc8f6c822902ee8b91a4.jpg</filename>
	<path>19_jpg.rf.f089e6b36126bc8f6c822902ee8b91a4.jpg</path>
	<source>
		<database>roboflow.com</database>
	</source>
	<size>
		<width>640</width>
		<height>640</height>
		<depth>3</depth>
	</size>
	<segmented>0</segmented>
	<object>
		<name>B</name>
		<pose>Unspecified</pose>
		<truncated>0</truncated>
		<difficult>0</difficult>
		<occluded>0</occluded>
		<bndbox>
			<xmin>67</xmin>
			<xmax>118</xmax>
			<ymin>322</ymin>
			<ymax>360</ymax>
		</bndbox>
	</object>
</annotation>
