<annotation>
	<folder></folder>
	<filename>19_jpg.rf.d0a1a4a185f2d0fe682031dcc5680e89.jpg</filename>
	<path>19_jpg.rf.d0a1a4a185f2d0fe682031dcc5680e89.jpg</path>
	<source>
		<database>roboflow.com</database>
	</source>
	<size>
		<width>640</width>
		<height>640</height>
		<depth>3</depth>
	</size>
	<segmented>0</segmented>
	<object>
		<name>B</name>
		<pose>Unspecified</pose>
		<truncated>0</truncated>
		<difficult>0</difficult>
		<occluded>0</occluded>
		<bndbox>
			<xmin>71</xmin>
			<xmax>125</xmax>
			<ymin>351</ymin>
			<ymax>394</ymax>
		</bndbox>
	</object>
</annotation>
