<annotation>
	<folder></folder>
	<filename>19_jpg.rf.a80b5e9f630ec0fbdb9ebe43ce587473.jpg</filename>
	<path>19_jpg.rf.a80b5e9f630ec0fbdb9ebe43ce587473.jpg</path>
	<source>
		<database>roboflow.com</database>
	</source>
	<size>
		<width>640</width>
		<height>640</height>
		<depth>3</depth>
	</size>
	<segmented>0</segmented>
	<object>
		<name>B</name>
		<pose>Unspecified</pose>
		<truncated>0</truncated>
		<difficult>0</difficult>
		<occluded>0</occluded>
		<bndbox>
			<xmin>68</xmin>
			<xmax>117</xmax>
			<ymin>304</ymin>
			<ymax>338</ymax>
		</bndbox>
	</object>
</annotation>
