<annotation>
	<folder></folder>
	<filename>1_jpg.rf.6236c92b575a59f22b083054b15b7917.jpg</filename>
	<path>1_jpg.rf.6236c92b575a59f22b083054b15b7917.jpg</path>
	<source>
		<database>roboflow.com</database>
	</source>
	<size>
		<width>640</width>
		<height>640</height>
		<depth>3</depth>
	</size>
	<segmented>0</segmented>
	<object>
		<name>A</name>
		<pose>Unspecified</pose>
		<truncated>0</truncated>
		<difficult>0</difficult>
		<occluded>0</occluded>
		<bndbox>
			<xmin>67</xmin>
			<xmax>119</xmax>
			<ymin>211</ymin>
			<ymax>255</ymax>
		</bndbox>
	</object>
</annotation>
