<annotation>
	<folder></folder>
	<filename>1_jpg.rf.b46e4857cc34f838190bcf4d3b18e1c8.jpg</filename>
	<path>1_jpg.rf.b46e4857cc34f838190bcf4d3b18e1c8.jpg</path>
	<source>
		<database>roboflow.com</database>
	</source>
	<size>
		<width>640</width>
		<height>640</height>
		<depth>3</depth>
	</size>
	<segmented>0</segmented>
	<object>
		<name>A</name>
		<pose>Unspecified</pose>
		<truncated>0</truncated>
		<difficult>0</difficult>
		<occluded>0</occluded>
		<bndbox>
			<xmin>200</xmin>
			<xmax>253</xmax>
			<ymin>73</ymin>
			<ymax>119</ymax>
		</bndbox>
	</object>
</annotation>
