<annotation>
	<folder></folder>
	<filename>1_jpg.rf.4d83f856e76045048e4239024d4e9162.jpg</filename>
	<path>1_jpg.rf.4d83f856e76045048e4239024d4e9162.jpg</path>
	<source>
		<database>roboflow.com</database>
	</source>
	<size>
		<width>640</width>
		<height>640</height>
		<depth>3</depth>
	</size>
	<segmented>0</segmented>
	<object>
		<name>A</name>
		<pose>Unspecified</pose>
		<truncated>0</truncated>
		<difficult>0</difficult>
		<occluded>0</occluded>
		<bndbox>
			<xmin>61</xmin>
			<xmax>114</xmax>
			<ymin>226</ymin>
			<ymax>272</ymax>
		</bndbox>
	</object>
</annotation>
