<annotation>
	<folder></folder>
	<filename>20_jpg.rf.d631acdcc2723333152a4a02eba0c142.jpg</filename>
	<path>20_jpg.rf.d631acdcc2723333152a4a02eba0c142.jpg</path>
	<source>
		<database>roboflow.com</database>
	</source>
	<size>
		<width>640</width>
		<height>640</height>
		<depth>3</depth>
	</size>
	<segmented>0</segmented>
	<object>
		<name>B</name>
		<pose>Unspecified</pose>
		<truncated>0</truncated>
		<difficult>0</difficult>
		<occluded>0</occluded>
		<bndbox>
			<xmin>70</xmin>
			<xmax>112</xmax>
			<ymin>225</ymin>
			<ymax>259</ymax>
		</bndbox>
	</object>
</annotation>
