<annotation>
	<folder></folder>
	<filename>20_jpg.rf.7f1f3b74564d079fa827687150f67868.jpg</filename>
	<path>20_jpg.rf.7f1f3b74564d079fa827687150f67868.jpg</path>
	<source>
		<database>roboflow.com</database>
	</source>
	<size>
		<width>640</width>
		<height>640</height>
		<depth>3</depth>
	</size>
	<segmented>0</segmented>
	<object>
		<name>B</name>
		<pose>Unspecified</pose>
		<truncated>0</truncated>
		<difficult>0</difficult>
		<occluded>0</occluded>
		<bndbox>
			<xmin>137</xmin>
			<xmax>179</xmax>
			<ymin>123</ymin>
			<ymax>157</ymax>
		</bndbox>
	</object>
</annotation>
