<annotation>
	<folder></folder>
	<filename>20_jpg.rf.cf76b6753d1dc58cc1b3c2c70e28a55b.jpg</filename>
	<path>20_jpg.rf.cf76b6753d1dc58cc1b3c2c70e28a55b.jpg</path>
	<source>
		<database>roboflow.com</database>
	</source>
	<size>
		<width>640</width>
		<height>640</height>
		<depth>3</depth>
	</size>
	<segmented>0</segmented>
	<object>
		<name>B</name>
		<pose>Unspecified</pose>
		<truncated>0</truncated>
		<difficult>0</difficult>
		<occluded>0</occluded>
		<bndbox>
			<xmin>75</xmin>
			<xmax>116</xmax>
			<ymin>214</ymin>
			<ymax>246</ymax>
		</bndbox>
	</object>
</annotation>
