<annotation>
	<folder></folder>
	<filename>21_jpg.rf.15d2efcb3e93bed4e9c2c46b3af48908.jpg</filename>
	<path>21_jpg.rf.15d2efcb3e93bed4e9c2c46b3af48908.jpg</path>
	<source>
		<database>roboflow.com</database>
	</source>
	<size>
		<width>640</width>
		<height>640</height>
		<depth>3</depth>
	</size>
	<segmented>0</segmented>
	<object>
		<name>B</name>
		<pose>Unspecified</pose>
		<truncated>0</truncated>
		<difficult>0</difficult>
		<occluded>0</occluded>
		<bndbox>
			<xmin>72</xmin>
			<xmax>129</xmax>
			<ymin>111</ymin>
			<ymax>155</ymax>
		</bndbox>
	</object>
</annotation>
