<annotation>
	<folder></folder>
	<filename>21_jpg.rf.bdc2b0a66d534af1555a480dbb47ec5b.jpg</filename>
	<path>21_jpg.rf.bdc2b0a66d534af1555a480dbb47ec5b.jpg</path>
	<source>
		<database>roboflow.com</database>
	</source>
	<size>
		<width>640</width>
		<height>640</height>
		<depth>3</depth>
	</size>
	<segmented>0</segmented>
	<object>
		<name>B</name>
		<pose>Unspecified</pose>
		<truncated>0</truncated>
		<difficult>0</difficult>
		<occluded>0</occluded>
		<bndbox>
			<xmin>18</xmin>
			<xmax>71</xmax>
			<ymin>216</ymin>
			<ymax>252</ymax>
		</bndbox>
	</object>
</annotation>
