<annotation>
	<folder></folder>
	<filename>21_jpg.rf.2c507e339bd170ebf66756dddd6c43bf.jpg</filename>
	<path>21_jpg.rf.2c507e339bd170ebf66756dddd6c43bf.jpg</path>
	<source>
		<database>roboflow.com</database>
	</source>
	<size>
		<width>640</width>
		<height>640</height>
		<depth>3</depth>
	</size>
	<segmented>0</segmented>
	<object>
		<name>B</name>
		<pose>Unspecified</pose>
		<truncated>0</truncated>
		<difficult>0</difficult>
		<occluded>0</occluded>
		<bndbox>
			<xmin>78</xmin>
			<xmax>136</xmax>
			<ymin>102</ymin>
			<ymax>148</ymax>
		</bndbox>
	</object>
</annotation>
