<annotation>
	<folder></folder>
	<filename>22_jpg.rf.67721ad1eb81859a4be33b2a529d2041.jpg</filename>
	<path>22_jpg.rf.67721ad1eb81859a4be33b2a529d2041.jpg</path>
	<source>
		<database>roboflow.com</database>
	</source>
	<size>
		<width>640</width>
		<height>640</height>
		<depth>3</depth>
	</size>
	<segmented>0</segmented>
	<object>
		<name>B</name>
		<pose>Unspecified</pose>
		<truncated>0</truncated>
		<difficult>0</difficult>
		<occluded>0</occluded>
		<bndbox>
			<xmin>48</xmin>
			<xmax>102</xmax>
			<ymin>230</ymin>
			<ymax>277</ymax>
		</bndbox>
	</object>
</annotation>
