<annotation>
	<folder></folder>
	<filename>22_jpg.rf.28c30fe2dc78f6e6e6d4553670337b2a.jpg</filename>
	<path>22_jpg.rf.28c30fe2dc78f6e6e6d4553670337b2a.jpg</path>
	<source>
		<database>roboflow.com</database>
	</source>
	<size>
		<width>640</width>
		<height>640</height>
		<depth>3</depth>
	</size>
	<segmented>0</segmented>
	<object>
		<name>B</name>
		<pose>Unspecified</pose>
		<truncated>0</truncated>
		<difficult>0</difficult>
		<occluded>0</occluded>
		<bndbox>
			<xmin>70</xmin>
			<xmax>120</xmax>
			<ymin>184</ymin>
			<ymax>224</ymax>
		</bndbox>
	</object>
</annotation>
