<annotation>
	<folder></folder>
	<filename>24_jpg.rf.15c7c12b3d573d25c49a11c1b47eb912.jpg</filename>
	<path>24_jpg.rf.15c7c12b3d573d25c49a11c1b47eb912.jpg</path>
	<source>
		<database>roboflow.com</database>
	</source>
	<size>
		<width>640</width>
		<height>640</height>
		<depth>3</depth>
	</size>
	<segmented>0</segmented>
	<object>
		<name>B</name>
		<pose>Unspecified</pose>
		<truncated>0</truncated>
		<difficult>0</difficult>
		<occluded>0</occluded>
		<bndbox>
			<xmin>133</xmin>
			<xmax>182</xmax>
			<ymin>88</ymin>
			<ymax>125</ymax>
		</bndbox>
	</object>
</annotation>
