<annotation>
	<folder></folder>
	<filename>24_jpg.rf.49252e894b2c1704f9ac8c5ca2fc6a66.jpg</filename>
	<path>24_jpg.rf.49252e894b2c1704f9ac8c5ca2fc6a66.jpg</path>
	<source>
		<database>roboflow.com</database>
	</source>
	<size>
		<width>640</width>
		<height>640</height>
		<depth>3</depth>
	</size>
	<segmented>0</segmented>
	<object>
		<name>B</name>
		<pose>Unspecified</pose>
		<truncated>0</truncated>
		<difficult>0</difficult>
		<occluded>0</occluded>
		<bndbox>
			<xmin>59</xmin>
			<xmax>109</xmax>
			<ymin>173</ymin>
			<ymax>212</ymax>
		</bndbox>
	</object>
</annotation>
