<annotation>
	<folder></folder>
	<filename>27_jpg.rf.10ddd69a8073390ea108bd2b81b8084c.jpg</filename>
	<path>27_jpg.rf.10ddd69a8073390ea108bd2b81b8084c.jpg</path>
	<source>
		<database>roboflow.com</database>
	</source>
	<size>
		<width>640</width>
		<height>640</height>
		<depth>3</depth>
	</size>
	<segmented>0</segmented>
	<object>
		<name>C</name>
		<pose>Unspecified</pose>
		<truncated>0</truncated>
		<difficult>0</difficult>
		<occluded>0</occluded>
		<bndbox>
			<xmin>93</xmin>
			<xmax>143</xmax>
			<ymin>213</ymin>
			<ymax>251</ymax>
		</bndbox>
	</object>
</annotation>
