<annotation>
	<folder></folder>
	<filename>27_jpg.rf.e2fefc83b0f9722969175f9f09f4a811.jpg</filename>
	<path>27_jpg.rf.e2fefc83b0f9722969175f9f09f4a811.jpg</path>
	<source>
		<database>roboflow.com</database>
	</source>
	<size>
		<width>640</width>
		<height>640</height>
		<depth>3</depth>
	</size>
	<segmented>0</segmented>
	<object>
		<name>C</name>
		<pose>Unspecified</pose>
		<truncated>0</truncated>
		<difficult>0</difficult>
		<occluded>0</occluded>
		<bndbox>
			<xmin>72</xmin>
			<xmax>130</xmax>
			<ymin>271</ymin>
			<ymax>321</ymax>
		</bndbox>
	</object>
</annotation>
