<annotation>
	<folder></folder>
	<filename>27_jpg.rf.6330023e266c40d243c533b52d7efb8a.jpg</filename>
	<path>27_jpg.rf.6330023e266c40d243c533b52d7efb8a.jpg</path>
	<source>
		<database>roboflow.com</database>
	</source>
	<size>
		<width>640</width>
		<height>640</height>
		<depth>3</depth>
	</size>
	<segmented>0</segmented>
	<object>
		<name>C</name>
		<pose>Unspecified</pose>
		<truncated>0</truncated>
		<difficult>0</difficult>
		<occluded>0</occluded>
		<bndbox>
			<xmin>113</xmin>
			<xmax>168</xmax>
			<ymin>170</ymin>
			<ymax>214</ymax>
		</bndbox>
	</object>
</annotation>
