<annotation>
	<folder></folder>
	<filename>2_jpg.rf.bf65e863f0e955b41f506be925d32cf2.jpg</filename>
	<path>2_jpg.rf.bf65e863f0e955b41f506be925d32cf2.jpg</path>
	<source>
		<database>roboflow.com</database>
	</source>
	<size>
		<width>640</width>
		<height>640</height>
		<depth>3</depth>
	</size>
	<segmented>0</segmented>
	<object>
		<name>A</name>
		<pose>Unspecified</pose>
		<truncated>0</truncated>
		<difficult>0</difficult>
		<occluded>0</occluded>
		<bndbox>
			<xmin>96</xmin>
			<xmax>134</xmax>
			<ymin>140</ymin>
			<ymax>170</ymax>
		</bndbox>
	</object>
</annotation>
