<annotation>
	<folder></folder>
	<filename>2_jpg.rf.8cf196459b10076cd499268fd67a6a81.jpg</filename>
	<path>2_jpg.rf.8cf196459b10076cd499268fd67a6a81.jpg</path>
	<source>
		<database>roboflow.com</database>
	</source>
	<size>
		<width>640</width>
		<height>640</height>
		<depth>3</depth>
	</size>
	<segmented>0</segmented>
	<object>
		<name>A</name>
		<pose>Unspecified</pose>
		<truncated>0</truncated>
		<difficult>0</difficult>
		<occluded>0</occluded>
		<bndbox>
			<xmin>192</xmin>
			<xmax>235</xmax>
			<ymin>61</ymin>
			<ymax>98</ymax>
		</bndbox>
	</object>
</annotation>
