<annotation>
	<folder></folder>
	<filename>2_jpg.rf.7491bb903e5469bbf27627b31cbe9e38.jpg</filename>
	<path>2_jpg.rf.7491bb903e5469bbf27627b31cbe9e38.jpg</path>
	<source>
		<database>roboflow.com</database>
	</source>
	<size>
		<width>640</width>
		<height>640</height>
		<depth>3</depth>
	</size>
	<segmented>0</segmented>
	<object>
		<name>A</name>
		<pose>Unspecified</pose>
		<truncated>0</truncated>
		<difficult>0</difficult>
		<occluded>0</occluded>
		<bndbox>
			<xmin>69</xmin>
			<xmax>110</xmax>
			<ymin>176</ymin>
			<ymax>211</ymax>
		</bndbox>
	</object>
</annotation>
