<annotation>
	<folder></folder>
	<filename>30_jpg.rf.438acfb9d25e69590eee438d278e09f7.jpg</filename>
	<path>30_jpg.rf.438acfb9d25e69590eee438d278e09f7.jpg</path>
	<source>
		<database>roboflow.com</database>
	</source>
	<size>
		<width>640</width>
		<height>640</height>
		<depth>3</depth>
	</size>
	<segmented>0</segmented>
	<object>
		<name>C</name>
		<pose>Unspecified</pose>
		<truncated>0</truncated>
		<difficult>0</difficult>
		<occluded>0</occluded>
		<bndbox>
			<xmin>61</xmin>
			<xmax>116</xmax>
			<ymin>257</ymin>
			<ymax>299</ymax>
		</bndbox>
	</object>
</annotation>
