<annotation>
	<folder></folder>
	<filename>30_jpg.rf.a4052e407969f0fd5172c1bf5f0d3065.jpg</filename>
	<path>30_jpg.rf.a4052e407969f0fd5172c1bf5f0d3065.jpg</path>
	<source>
		<database>roboflow.com</database>
	</source>
	<size>
		<width>640</width>
		<height>640</height>
		<depth>3</depth>
	</size>
	<segmented>0</segmented>
	<object>
		<name>C</name>
		<pose>Unspecified</pose>
		<truncated>0</truncated>
		<difficult>0</difficult>
		<occluded>0</occluded>
		<bndbox>
			<xmin>61</xmin>
			<xmax>116</xmax>
			<ymin>261</ymin>
			<ymax>304</ymax>
		</bndbox>
	</object>
</annotation>
