<annotation>
	<folder></folder>
	<filename>30_jpg.rf.d3937709a5fd63347bfb9c1eed3ac378.jpg</filename>
	<path>30_jpg.rf.d3937709a5fd63347bfb9c1eed3ac378.jpg</path>
	<source>
		<database>roboflow.com</database>
	</source>
	<size>
		<width>640</width>
		<height>640</height>
		<depth>3</depth>
	</size>
	<segmented>0</segmented>
	<object>
		<name>C</name>
		<pose>Unspecified</pose>
		<truncated>0</truncated>
		<difficult>0</difficult>
		<occluded>0</occluded>
		<bndbox>
			<xmin>81</xmin>
			<xmax>132</xmax>
			<ymin>207</ymin>
			<ymax>239</ymax>
		</bndbox>
	</object>
</annotation>
