<annotation>
	<folder></folder>
	<filename>32_jpg.rf.01297db5af783c80918c0f464d7e2a8b.jpg</filename>
	<path>32_jpg.rf.01297db5af783c80918c0f464d7e2a8b.jpg</path>
	<source>
		<database>roboflow.com</database>
	</source>
	<size>
		<width>640</width>
		<height>640</height>
		<depth>3</depth>
	</size>
	<segmented>0</segmented>
	<object>
		<name>C</name>
		<pose>Unspecified</pose>
		<truncated>0</truncated>
		<difficult>0</difficult>
		<occluded>0</occluded>
		<bndbox>
			<xmin>81</xmin>
			<xmax>135</xmax>
			<ymin>276</ymin>
			<ymax>313</ymax>
		</bndbox>
	</object>
</annotation>
