<annotation>
	<folder></folder>
	<filename>32_jpg.rf.6cb58faa9c3ab1d8b3266af8c3b81df2.jpg</filename>
	<path>32_jpg.rf.6cb58faa9c3ab1d8b3266af8c3b81df2.jpg</path>
	<source>
		<database>roboflow.com</database>
	</source>
	<size>
		<width>640</width>
		<height>640</height>
		<depth>3</depth>
	</size>
	<segmented>0</segmented>
	<object>
		<name>C</name>
		<pose>Unspecified</pose>
		<truncated>0</truncated>
		<difficult>0</difficult>
		<occluded>0</occluded>
		<bndbox>
			<xmin>81</xmin>
			<xmax>135</xmax>
			<ymin>331</ymin>
			<ymax>369</ymax>
		</bndbox>
	</object>
</annotation>
