<annotation>
	<folder></folder>
	<filename>33_jpg.rf.f8c17d0b79d6eec36198ade1ddd8c91e.jpg</filename>
	<path>33_jpg.rf.f8c17d0b79d6eec36198ade1ddd8c91e.jpg</path>
	<source>
		<database>roboflow.com</database>
	</source>
	<size>
		<width>640</width>
		<height>640</height>
		<depth>3</depth>
	</size>
	<segmented>0</segmented>
	<object>
		<name>C</name>
		<pose>Unspecified</pose>
		<truncated>0</truncated>
		<difficult>0</difficult>
		<occluded>0</occluded>
		<bndbox>
			<xmin>58</xmin>
			<xmax>123</xmax>
			<ymin>346</ymin>
			<ymax>386</ymax>
		</bndbox>
	</object>
</annotation>
