<annotation>
	<folder></folder>
	<filename>33_jpg.rf.00150bfda375125d2f3b85fb21c320d5.jpg</filename>
	<path>33_jpg.rf.00150bfda375125d2f3b85fb21c320d5.jpg</path>
	<source>
		<database>roboflow.com</database>
	</source>
	<size>
		<width>640</width>
		<height>640</height>
		<depth>3</depth>
	</size>
	<segmented>0</segmented>
	<object>
		<name>C</name>
		<pose>Unspecified</pose>
		<truncated>0</truncated>
		<difficult>0</difficult>
		<occluded>0</occluded>
		<bndbox>
			<xmin>55</xmin>
			<xmax>122</xmax>
			<ymin>266</ymin>
			<ymax>311</ymax>
		</bndbox>
	</object>
</annotation>
