<annotation>
	<folder></folder>
	<filename>33_jpg.rf.54714ec97301b36ae3fdc461edcca25e.jpg</filename>
	<path>33_jpg.rf.54714ec97301b36ae3fdc461edcca25e.jpg</path>
	<source>
		<database>roboflow.com</database>
	</source>
	<size>
		<width>640</width>
		<height>640</height>
		<depth>3</depth>
	</size>
	<segmented>0</segmented>
	<object>
		<name>C</name>
		<pose>Unspecified</pose>
		<truncated>0</truncated>
		<difficult>0</difficult>
		<occluded>0</occluded>
		<bndbox>
			<xmin>79</xmin>
			<xmax>148</xmax>
			<ymin>404</ymin>
			<ymax>459</ymax>
		</bndbox>
	</object>
</annotation>
