<annotation>
	<folder></folder>
	<filename>34_jpg.rf.6b1353fbce89e0dadd2fddf42f00283c.jpg</filename>
	<path>34_jpg.rf.6b1353fbce89e0dadd2fddf42f00283c.jpg</path>
	<source>
		<database>roboflow.com</database>
	</source>
	<size>
		<width>640</width>
		<height>640</height>
		<depth>3</depth>
	</size>
	<segmented>0</segmented>
	<object>
		<name>C</name>
		<pose>Unspecified</pose>
		<truncated>0</truncated>
		<difficult>0</difficult>
		<occluded>0</occluded>
		<bndbox>
			<xmin>47</xmin>
			<xmax>118</xmax>
			<ymin>244</ymin>
			<ymax>295</ymax>
		</bndbox>
	</object>
</annotation>
