<annotation>
	<folder></folder>
	<filename>34_jpg.rf.ad8210f3f36ea6e22785fc64da39c454.jpg</filename>
	<path>34_jpg.rf.ad8210f3f36ea6e22785fc64da39c454.jpg</path>
	<source>
		<database>roboflow.com</database>
	</source>
	<size>
		<width>640</width>
		<height>640</height>
		<depth>3</depth>
	</size>
	<segmented>0</segmented>
	<object>
		<name>C</name>
		<pose>Unspecified</pose>
		<truncated>0</truncated>
		<difficult>0</difficult>
		<occluded>0</occluded>
		<bndbox>
			<xmin>142</xmin>
			<xmax>214</xmax>
			<ymin>95</ymin>
			<ymax>151</ymax>
		</bndbox>
	</object>
</annotation>
