<annotation>
	<folder></folder>
	<filename>34_jpg.rf.8b4c253ab426181fee097ec10932ae52.jpg</filename>
	<path>34_jpg.rf.8b4c253ab426181fee097ec10932ae52.jpg</path>
	<source>
		<database>roboflow.com</database>
	</source>
	<size>
		<width>640</width>
		<height>640</height>
		<depth>3</depth>
	</size>
	<segmented>0</segmented>
	<object>
		<name>C</name>
		<pose>Unspecified</pose>
		<truncated>0</truncated>
		<difficult>0</difficult>
		<occluded>0</occluded>
		<bndbox>
			<xmin>117</xmin>
			<xmax>187</xmax>
			<ymin>120</ymin>
			<ymax>169</ymax>
		</bndbox>
	</object>
</annotation>
