<annotation>
	<folder></folder>
	<filename>35_jpg.rf.95bdbbc7a8eb2c47f35aaf29cbff59df.jpg</filename>
	<path>35_jpg.rf.95bdbbc7a8eb2c47f35aaf29cbff59df.jpg</path>
	<source>
		<database>roboflow.com</database>
	</source>
	<size>
		<width>640</width>
		<height>640</height>
		<depth>3</depth>
	</size>
	<segmented>0</segmented>
	<object>
		<name>C</name>
		<pose>Unspecified</pose>
		<truncated>0</truncated>
		<difficult>0</difficult>
		<occluded>0</occluded>
		<bndbox>
			<xmin>83</xmin>
			<xmax>145</xmax>
			<ymin>187</ymin>
			<ymax>219</ymax>
		</bndbox>
	</object>
</annotation>
