<annotation>
	<folder></folder>
	<filename>35_jpg.rf.e57886c76041d3cb234d9253f36478c7.jpg</filename>
	<path>35_jpg.rf.e57886c76041d3cb234d9253f36478c7.jpg</path>
	<source>
		<database>roboflow.com</database>
	</source>
	<size>
		<width>640</width>
		<height>640</height>
		<depth>3</depth>
	</size>
	<segmented>0</segmented>
	<object>
		<name>C</name>
		<pose>Unspecified</pose>
		<truncated>0</truncated>
		<difficult>0</difficult>
		<occluded>0</occluded>
		<bndbox>
			<xmin>153</xmin>
			<xmax>221</xmax>
			<ymin>96</ymin>
			<ymax>151</ymax>
		</bndbox>
	</object>
</annotation>
