<annotation>
	<folder></folder>
	<filename>35_jpg.rf.ec674142cf586fea84d03f061848f1e3.jpg</filename>
	<path>35_jpg.rf.ec674142cf586fea84d03f061848f1e3.jpg</path>
	<source>
		<database>roboflow.com</database>
	</source>
	<size>
		<width>640</width>
		<height>640</height>
		<depth>3</depth>
	</size>
	<segmented>0</segmented>
	<object>
		<name>C</name>
		<pose>Unspecified</pose>
		<truncated>0</truncated>
		<difficult>0</difficult>
		<occluded>0</occluded>
		<bndbox>
			<xmin>107</xmin>
			<xmax>173</xmax>
			<ymin>144</ymin>
			<ymax>187</ymax>
		</bndbox>
	</object>
</annotation>
