<annotation>
	<folder></folder>
	<filename>36_jpg.rf.c0ba5dc4568e64b78704851f45671e76.jpg</filename>
	<path>36_jpg.rf.c0ba5dc4568e64b78704851f45671e76.jpg</path>
	<source>
		<database>roboflow.com</database>
	</source>
	<size>
		<width>640</width>
		<height>640</height>
		<depth>3</depth>
	</size>
	<segmented>0</segmented>
	<object>
		<name>D</name>
		<pose>Unspecified</pose>
		<truncated>0</truncated>
		<difficult>0</difficult>
		<occluded>0</occluded>
		<bndbox>
			<xmin>139</xmin>
			<xmax>195</xmax>
			<ymin>135</ymin>
			<ymax>183</ymax>
		</bndbox>
	</object>
</annotation>
