<annotation>
	<folder></folder>
	<filename>36_jpg.rf.d876d5bbfac0d69699a05690b68b208f.jpg</filename>
	<path>36_jpg.rf.d876d5bbfac0d69699a05690b68b208f.jpg</path>
	<source>
		<database>roboflow.com</database>
	</source>
	<size>
		<width>640</width>
		<height>640</height>
		<depth>3</depth>
	</size>
	<segmented>0</segmented>
	<object>
		<name>D</name>
		<pose>Unspecified</pose>
		<truncated>0</truncated>
		<difficult>0</difficult>
		<occluded>0</occluded>
		<bndbox>
			<xmin>126</xmin>
			<xmax>181</xmax>
			<ymin>151</ymin>
			<ymax>196</ymax>
		</bndbox>
	</object>
</annotation>
