<annotation>
	<folder></folder>
	<filename>37_jpg.rf.b22b3b77ebcbd4dccbeb0d4441680d75.jpg</filename>
	<path>37_jpg.rf.b22b3b77ebcbd4dccbeb0d4441680d75.jpg</path>
	<source>
		<database>roboflow.com</database>
	</source>
	<size>
		<width>640</width>
		<height>640</height>
		<depth>3</depth>
	</size>
	<segmented>0</segmented>
	<object>
		<name>D</name>
		<pose>Unspecified</pose>
		<truncated>0</truncated>
		<difficult>0</difficult>
		<occluded>0</occluded>
		<bndbox>
			<xmin>104</xmin>
			<xmax>160</xmax>
			<ymin>155</ymin>
			<ymax>196</ymax>
		</bndbox>
	</object>
</annotation>
