<annotation>
	<folder></folder>
	<filename>37_jpg.rf.b8a1c77ddd16796d8d1462b2feaac236.jpg</filename>
	<path>37_jpg.rf.b8a1c77ddd16796d8d1462b2feaac236.jpg</path>
	<source>
		<database>roboflow.com</database>
	</source>
	<size>
		<width>640</width>
		<height>640</height>
		<depth>3</depth>
	</size>
	<segmented>0</segmented>
	<object>
		<name>D</name>
		<pose>Unspecified</pose>
		<truncated>0</truncated>
		<difficult>0</difficult>
		<occluded>0</occluded>
		<bndbox>
			<xmin>54</xmin>
			<xmax>111</xmax>
			<ymin>288</ymin>
			<ymax>333</ymax>
		</bndbox>
	</object>
</annotation>
