<annotation>
	<folder></folder>
	<filename>38_jpg.rf.f231df68c31ebcf6357bc6b76f0bd127.jpg</filename>
	<path>38_jpg.rf.f231df68c31ebcf6357bc6b76f0bd127.jpg</path>
	<source>
		<database>roboflow.com</database>
	</source>
	<size>
		<width>640</width>
		<height>640</height>
		<depth>3</depth>
	</size>
	<segmented>0</segmented>
	<object>
		<name>D</name>
		<pose>Unspecified</pose>
		<truncated>0</truncated>
		<difficult>0</difficult>
		<occluded>0</occluded>
		<bndbox>
			<xmin>92</xmin>
			<xmax>146</xmax>
			<ymin>265</ymin>
			<ymax>312</ymax>
		</bndbox>
	</object>
</annotation>
