<annotation>
	<folder></folder>
	<filename>38_jpg.rf.83f611b969ec712e3446747f02c731ea.jpg</filename>
	<path>38_jpg.rf.83f611b969ec712e3446747f02c731ea.jpg</path>
	<source>
		<database>roboflow.com</database>
	</source>
	<size>
		<width>640</width>
		<height>640</height>
		<depth>3</depth>
	</size>
	<segmented>0</segmented>
	<object>
		<name>D</name>
		<pose>Unspecified</pose>
		<truncated>0</truncated>
		<difficult>0</difficult>
		<occluded>0</occluded>
		<bndbox>
			<xmin>159</xmin>
			<xmax>210</xmax>
			<ymin>149</ymin>
			<ymax>187</ymax>
		</bndbox>
	</object>
</annotation>
