<annotation>
	<folder></folder>
	<filename>38_jpg.rf.651fdbf5114e1c20e725e18d4c382edd.jpg</filename>
	<path>38_jpg.rf.651fdbf5114e1c20e725e18d4c382edd.jpg</path>
	<source>
		<database>roboflow.com</database>
	</source>
	<size>
		<width>640</width>
		<height>640</height>
		<depth>3</depth>
	</size>
	<segmented>0</segmented>
	<object>
		<name>D</name>
		<pose>Unspecified</pose>
		<truncated>0</truncated>
		<difficult>0</difficult>
		<occluded>0</occluded>
		<bndbox>
			<xmin>126</xmin>
			<xmax>173</xmax>
			<ymin>193</ymin>
			<ymax>225</ymax>
		</bndbox>
	</object>
</annotation>
