<annotation>
	<folder></folder>
	<filename>39_jpg.rf.4a4ff08aed70165b5436a425188de5d6.jpg</filename>
	<path>39_jpg.rf.4a4ff08aed70165b5436a425188de5d6.jpg</path>
	<source>
		<database>roboflow.com</database>
	</source>
	<size>
		<width>640</width>
		<height>640</height>
		<depth>3</depth>
	</size>
	<segmented>0</segmented>
	<object>
		<name>D</name>
		<pose>Unspecified</pose>
		<truncated>0</truncated>
		<difficult>0</difficult>
		<occluded>0</occluded>
		<bndbox>
			<xmin>38</xmin>
			<xmax>86</xmax>
			<ymin>287</ymin>
			<ymax>330</ymax>
		</bndbox>
	</object>
</annotation>
