<annotation>
	<folder></folder>
	<filename>39_jpg.rf.c4c1d37b914adf1c5d5b2c85b9139845.jpg</filename>
	<path>39_jpg.rf.c4c1d37b914adf1c5d5b2c85b9139845.jpg</path>
	<source>
		<database>roboflow.com</database>
	</source>
	<size>
		<width>640</width>
		<height>640</height>
		<depth>3</depth>
	</size>
	<segmented>0</segmented>
	<object>
		<name>D</name>
		<pose>Unspecified</pose>
		<truncated>0</truncated>
		<difficult>0</difficult>
		<occluded>0</occluded>
		<bndbox>
			<xmin>94</xmin>
			<xmax>138</xmax>
			<ymin>144</ymin>
			<ymax>181</ymax>
		</bndbox>
	</object>
</annotation>
