<annotation>
	<folder></folder>
	<filename>39_jpg.rf.e5bba009ecff02e474b9a4fd16a785b2.jpg</filename>
	<path>39_jpg.rf.e5bba009ecff02e474b9a4fd16a785b2.jpg</path>
	<source>
		<database>roboflow.com</database>
	</source>
	<size>
		<width>640</width>
		<height>640</height>
		<depth>3</depth>
	</size>
	<segmented>0</segmented>
	<object>
		<name>D</name>
		<pose>Unspecified</pose>
		<truncated>0</truncated>
		<difficult>0</difficult>
		<occluded>0</occluded>
		<bndbox>
			<xmin>97</xmin>
			<xmax>141</xmax>
			<ymin>141</ymin>
			<ymax>178</ymax>
		</bndbox>
	</object>
</annotation>
