<annotation>
	<folder></folder>
	<filename>3_jpg.rf.d7e5cf89f6759ae2309dc79f8bbe5667.jpg</filename>
	<path>3_jpg.rf.d7e5cf89f6759ae2309dc79f8bbe5667.jpg</path>
	<source>
		<database>roboflow.com</database>
	</source>
	<size>
		<width>640</width>
		<height>640</height>
		<depth>3</depth>
	</size>
	<segmented>0</segmented>
	<object>
		<name>A</name>
		<pose>Unspecified</pose>
		<truncated>0</truncated>
		<difficult>0</difficult>
		<occluded>0</occluded>
		<bndbox>
			<xmin>226</xmin>
			<xmax>280</xmax>
			<ymin>73</ymin>
			<ymax>118</ymax>
		</bndbox>
	</object>
</annotation>
