<annotation>
	<folder></folder>
	<filename>3_jpg.rf.9ee9f1891c0d3ff199b54fc1275838dd.jpg</filename>
	<path>3_jpg.rf.9ee9f1891c0d3ff199b54fc1275838dd.jpg</path>
	<source>
		<database>roboflow.com</database>
	</source>
	<size>
		<width>640</width>
		<height>640</height>
		<depth>3</depth>
	</size>
	<segmented>0</segmented>
	<object>
		<name>A</name>
		<pose>Unspecified</pose>
		<truncated>0</truncated>
		<difficult>0</difficult>
		<occluded>0</occluded>
		<bndbox>
			<xmin>122</xmin>
			<xmax>171</xmax>
			<ymin>146</ymin>
			<ymax>180</ymax>
		</bndbox>
	</object>
</annotation>
