<annotation>
	<folder></folder>
	<filename>3_jpg.rf.6f62a8307cb2e3755234ce63bd1ee1e9.jpg</filename>
	<path>3_jpg.rf.6f62a8307cb2e3755234ce63bd1ee1e9.jpg</path>
	<source>
		<database>roboflow.com</database>
	</source>
	<size>
		<width>640</width>
		<height>640</height>
		<depth>3</depth>
	</size>
	<segmented>0</segmented>
	<object>
		<name>A</name>
		<pose>Unspecified</pose>
		<truncated>0</truncated>
		<difficult>0</difficult>
		<occluded>0</occluded>
		<bndbox>
			<xmin>200</xmin>
			<xmax>252</xmax>
			<ymin>85</ymin>
			<ymax>126</ymax>
		</bndbox>
	</object>
</annotation>
