<annotation>
	<folder></folder>
	<filename>40_jpg.rf.36d5a7b76a1d620284790da75933e663.jpg</filename>
	<path>40_jpg.rf.36d5a7b76a1d620284790da75933e663.jpg</path>
	<source>
		<database>roboflow.com</database>
	</source>
	<size>
		<width>640</width>
		<height>640</height>
		<depth>3</depth>
	</size>
	<segmented>0</segmented>
	<object>
		<name>D</name>
		<pose>Unspecified</pose>
		<truncated>0</truncated>
		<difficult>0</difficult>
		<occluded>0</occluded>
		<bndbox>
			<xmin>113</xmin>
			<xmax>166</xmax>
			<ymin>126</ymin>
			<ymax>164</ymax>
		</bndbox>
	</object>
</annotation>
