<annotation>
	<folder></folder>
	<filename>40_jpg.rf.76274a23ae5e558854826b8bae92449d.jpg</filename>
	<path>40_jpg.rf.76274a23ae5e558854826b8bae92449d.jpg</path>
	<source>
		<database>roboflow.com</database>
	</source>
	<size>
		<width>640</width>
		<height>640</height>
		<depth>3</depth>
	</size>
	<segmented>0</segmented>
	<object>
		<name>D</name>
		<pose>Unspecified</pose>
		<truncated>0</truncated>
		<difficult>0</difficult>
		<occluded>0</occluded>
		<bndbox>
			<xmin>122</xmin>
			<xmax>176</xmax>
			<ymin>116</ymin>
			<ymax>156</ymax>
		</bndbox>
	</object>
</annotation>
