<annotation>
	<folder></folder>
	<filename>40_jpg.rf.78a9d2b237f2252ed0232d5a4fc34b32.jpg</filename>
	<path>40_jpg.rf.78a9d2b237f2252ed0232d5a4fc34b32.jpg</path>
	<source>
		<database>roboflow.com</database>
	</source>
	<size>
		<width>640</width>
		<height>640</height>
		<depth>3</depth>
	</size>
	<segmented>0</segmented>
	<object>
		<name>D</name>
		<pose>Unspecified</pose>
		<truncated>0</truncated>
		<difficult>0</difficult>
		<occluded>0</occluded>
		<bndbox>
			<xmin>101</xmin>
			<xmax>153</xmax>
			<ymin>141</ymin>
			<ymax>175</ymax>
		</bndbox>
	</object>
</annotation>
