<annotation>
	<folder></folder>
	<filename>41_jpg.rf.59dbb78dad933430d5d99d41b20415f0.jpg</filename>
	<path>41_jpg.rf.59dbb78dad933430d5d99d41b20415f0.jpg</path>
	<source>
		<database>roboflow.com</database>
	</source>
	<size>
		<width>640</width>
		<height>640</height>
		<depth>3</depth>
	</size>
	<segmented>0</segmented>
	<object>
		<name>D</name>
		<pose>Unspecified</pose>
		<truncated>0</truncated>
		<difficult>0</difficult>
		<occluded>0</occluded>
		<bndbox>
			<xmin>163</xmin>
			<xmax>217</xmax>
			<ymin>100</ymin>
			<ymax>144</ymax>
		</bndbox>
	</object>
</annotation>
