<annotation>
	<folder></folder>
	<filename>41_jpg.rf.8f3eca09b3c746cdda89e7107519bb11.jpg</filename>
	<path>41_jpg.rf.8f3eca09b3c746cdda89e7107519bb11.jpg</path>
	<source>
		<database>roboflow.com</database>
	</source>
	<size>
		<width>640</width>
		<height>640</height>
		<depth>3</depth>
	</size>
	<segmented>0</segmented>
	<object>
		<name>D</name>
		<pose>Unspecified</pose>
		<truncated>0</truncated>
		<difficult>0</difficult>
		<occluded>0</occluded>
		<bndbox>
			<xmin>60</xmin>
			<xmax>113</xmax>
			<ymin>260</ymin>
			<ymax>301</ymax>
		</bndbox>
	</object>
</annotation>
