<annotation>
	<folder></folder>
	<filename>41_jpg.rf.537ce6a2362e5add7ae29fe47400c73e.jpg</filename>
	<path>41_jpg.rf.537ce6a2362e5add7ae29fe47400c73e.jpg</path>
	<source>
		<database>roboflow.com</database>
	</source>
	<size>
		<width>640</width>
		<height>640</height>
		<depth>3</depth>
	</size>
	<segmented>0</segmented>
	<object>
		<name>D</name>
		<pose>Unspecified</pose>
		<truncated>0</truncated>
		<difficult>0</difficult>
		<occluded>0</occluded>
		<bndbox>
			<xmin>94</xmin>
			<xmax>142</xmax>
			<ymin>183</ymin>
			<ymax>209</ymax>
		</bndbox>
	</object>
</annotation>
