<annotation>
	<folder></folder>
	<filename>42_jpg.rf.443066cf6c324c2d927d5a06de149331.jpg</filename>
	<path>42_jpg.rf.443066cf6c324c2d927d5a06de149331.jpg</path>
	<source>
		<database>roboflow.com</database>
	</source>
	<size>
		<width>640</width>
		<height>640</height>
		<depth>3</depth>
	</size>
	<segmented>0</segmented>
	<object>
		<name>D</name>
		<pose>Unspecified</pose>
		<truncated>0</truncated>
		<difficult>0</difficult>
		<occluded>0</occluded>
		<bndbox>
			<xmin>67</xmin>
			<xmax>128</xmax>
			<ymin>201</ymin>
			<ymax>243</ymax>
		</bndbox>
	</object>
</annotation>
