<annotation>
	<folder></folder>
	<filename>42_jpg.rf.8b819dfdf2a736d300584f9cece44851.jpg</filename>
	<path>42_jpg.rf.8b819dfdf2a736d300584f9cece44851.jpg</path>
	<source>
		<database>roboflow.com</database>
	</source>
	<size>
		<width>640</width>
		<height>640</height>
		<depth>3</depth>
	</size>
	<segmented>0</segmented>
	<object>
		<name>D</name>
		<pose>Unspecified</pose>
		<truncated>0</truncated>
		<difficult>0</difficult>
		<occluded>0</occluded>
		<bndbox>
			<xmin>154</xmin>
			<xmax>215</xmax>
			<ymin>96</ymin>
			<ymax>140</ymax>
		</bndbox>
	</object>
</annotation>
