<annotation>
	<folder></folder>
	<filename>42_jpg.rf.6c9cf27befd67b2523b7fa586d0de5f3.jpg</filename>
	<path>42_jpg.rf.6c9cf27befd67b2523b7fa586d0de5f3.jpg</path>
	<source>
		<database>roboflow.com</database>
	</source>
	<size>
		<width>640</width>
		<height>640</height>
		<depth>3</depth>
	</size>
	<segmented>0</segmented>
	<object>
		<name>D</name>
		<pose>Unspecified</pose>
		<truncated>0</truncated>
		<difficult>0</difficult>
		<occluded>0</occluded>
		<bndbox>
			<xmin>140</xmin>
			<xmax>200</xmax>
			<ymin>108</ymin>
			<ymax>149</ymax>
		</bndbox>
	</object>
</annotation>
