<annotation>
	<folder></folder>
	<filename>43_jpg.rf.0573ac7448928ae3c0542f1c84574f1b.jpg</filename>
	<path>43_jpg.rf.0573ac7448928ae3c0542f1c84574f1b.jpg</path>
	<source>
		<database>roboflow.com</database>
	</source>
	<size>
		<width>640</width>
		<height>640</height>
		<depth>3</depth>
	</size>
	<segmented>0</segmented>
	<object>
		<name>D</name>
		<pose>Unspecified</pose>
		<truncated>0</truncated>
		<difficult>0</difficult>
		<occluded>0</occluded>
		<bndbox>
			<xmin>56</xmin>
			<xmax>119</xmax>
			<ymin>234</ymin>
			<ymax>276</ymax>
		</bndbox>
	</object>
</annotation>
