<annotation>
	<folder></folder>
	<filename>43_jpg.rf.68110a6eb4039d5162706e61324de1e3.jpg</filename>
	<path>43_jpg.rf.68110a6eb4039d5162706e61324de1e3.jpg</path>
	<source>
		<database>roboflow.com</database>
	</source>
	<size>
		<width>640</width>
		<height>640</height>
		<depth>3</depth>
	</size>
	<segmented>0</segmented>
	<object>
		<name>D</name>
		<pose>Unspecified</pose>
		<truncated>0</truncated>
		<difficult>0</difficult>
		<occluded>0</occluded>
		<bndbox>
			<xmin>55</xmin>
			<xmax>119</xmax>
			<ymin>238</ymin>
			<ymax>280</ymax>
		</bndbox>
	</object>
</annotation>
