<annotation>
	<folder></folder>
	<filename>43_jpg.rf.042d8b4b10ce4bf4b1110ce28dba8a42.jpg</filename>
	<path>43_jpg.rf.042d8b4b10ce4bf4b1110ce28dba8a42.jpg</path>
	<source>
		<database>roboflow.com</database>
	</source>
	<size>
		<width>640</width>
		<height>640</height>
		<depth>3</depth>
	</size>
	<segmented>0</segmented>
	<object>
		<name>D</name>
		<pose>Unspecified</pose>
		<truncated>0</truncated>
		<difficult>0</difficult>
		<occluded>0</occluded>
		<bndbox>
			<xmin>91</xmin>
			<xmax>153</xmax>
			<ymin>164</ymin>
			<ymax>201</ymax>
		</bndbox>
	</object>
</annotation>
