<annotation>
	<folder></folder>
	<filename>45_jpg.rf.f6631d0737a7e2f02a84bd438307c0d3.jpg</filename>
	<path>45_jpg.rf.f6631d0737a7e2f02a84bd438307c0d3.jpg</path>
	<source>
		<database>roboflow.com</database>
	</source>
	<size>
		<width>640</width>
		<height>640</height>
		<depth>3</depth>
	</size>
	<segmented>0</segmented>
	<object>
		<name>D</name>
		<pose>Unspecified</pose>
		<truncated>0</truncated>
		<difficult>0</difficult>
		<occluded>0</occluded>
		<bndbox>
			<xmin>63</xmin>
			<xmax>117</xmax>
			<ymin>314</ymin>
			<ymax>360</ymax>
		</bndbox>
	</object>
</annotation>
