<annotation>
	<folder></folder>
	<filename>45_jpg.rf.a7fc54cec603cf2fa213e3ad23b4924b.jpg</filename>
	<path>45_jpg.rf.a7fc54cec603cf2fa213e3ad23b4924b.jpg</path>
	<source>
		<database>roboflow.com</database>
	</source>
	<size>
		<width>640</width>
		<height>640</height>
		<depth>3</depth>
	</size>
	<segmented>0</segmented>
	<object>
		<name>D</name>
		<pose>Unspecified</pose>
		<truncated>0</truncated>
		<difficult>0</difficult>
		<occluded>0</occluded>
		<bndbox>
			<xmin>80</xmin>
			<xmax>127</xmax>
			<ymin>226</ymin>
			<ymax>257</ymax>
		</bndbox>
	</object>
</annotation>
