<annotation>
	<folder></folder>
	<filename>45_jpg.rf.487a42f6f96f3d1c4908d35e0cb304bd.jpg</filename>
	<path>45_jpg.rf.487a42f6f96f3d1c4908d35e0cb304bd.jpg</path>
	<source>
		<database>roboflow.com</database>
	</source>
	<size>
		<width>640</width>
		<height>640</height>
		<depth>3</depth>
	</size>
	<segmented>0</segmented>
	<object>
		<name>D</name>
		<pose>Unspecified</pose>
		<truncated>0</truncated>
		<difficult>0</difficult>
		<occluded>0</occluded>
		<bndbox>
			<xmin>62</xmin>
			<xmax>116</xmax>
			<ymin>307</ymin>
			<ymax>352</ymax>
		</bndbox>
	</object>
</annotation>
