<annotation>
	<folder></folder>
	<filename>46_jpg.rf.0dc6d6f385eb90be4f019d85351099d6.jpg</filename>
	<path>46_jpg.rf.0dc6d6f385eb90be4f019d85351099d6.jpg</path>
	<source>
		<database>roboflow.com</database>
	</source>
	<size>
		<width>640</width>
		<height>640</height>
		<depth>3</depth>
	</size>
	<segmented>0</segmented>
	<object>
		<name>E</name>
		<pose>Unspecified</pose>
		<truncated>0</truncated>
		<difficult>0</difficult>
		<occluded>0</occluded>
		<bndbox>
			<xmin>110</xmin>
			<xmax>167</xmax>
			<ymin>217</ymin>
			<ymax>267</ymax>
		</bndbox>
	</object>
</annotation>
