<annotation>
	<folder></folder>
	<filename>46_jpg.rf.bc09d1e65db1c3ff018b69c8e399d557.jpg</filename>
	<path>46_jpg.rf.bc09d1e65db1c3ff018b69c8e399d557.jpg</path>
	<source>
		<database>roboflow.com</database>
	</source>
	<size>
		<width>640</width>
		<height>640</height>
		<depth>3</depth>
	</size>
	<segmented>0</segmented>
	<object>
		<name>E</name>
		<pose>Unspecified</pose>
		<truncated>0</truncated>
		<difficult>0</difficult>
		<occluded>0</occluded>
		<bndbox>
			<xmin>97</xmin>
			<xmax>150</xmax>
			<ymin>280</ymin>
			<ymax>319</ymax>
		</bndbox>
	</object>
</annotation>
