<annotation>
	<folder></folder>
	<filename>46_jpg.rf.6f575b07053ef9e5caa034acf78e3f56.jpg</filename>
	<path>46_jpg.rf.6f575b07053ef9e5caa034acf78e3f56.jpg</path>
	<source>
		<database>roboflow.com</database>
	</source>
	<size>
		<width>640</width>
		<height>640</height>
		<depth>3</depth>
	</size>
	<segmented>0</segmented>
	<object>
		<name>E</name>
		<pose>Unspecified</pose>
		<truncated>0</truncated>
		<difficult>0</difficult>
		<occluded>0</occluded>
		<bndbox>
			<xmin>99</xmin>
			<xmax>154</xmax>
			<ymin>257</ymin>
			<ymax>300</ymax>
		</bndbox>
	</object>
</annotation>
