<annotation>
	<folder></folder>
	<filename>47_jpg.rf.ce9dce8b09f878c30c1490eda2a2bd06.jpg</filename>
	<path>47_jpg.rf.ce9dce8b09f878c30c1490eda2a2bd06.jpg</path>
	<source>
		<database>roboflow.com</database>
	</source>
	<size>
		<width>640</width>
		<height>640</height>
		<depth>3</depth>
	</size>
	<segmented>0</segmented>
	<object>
		<name>E</name>
		<pose>Unspecified</pose>
		<truncated>0</truncated>
		<difficult>0</difficult>
		<occluded>0</occluded>
		<bndbox>
			<xmin>95</xmin>
			<xmax>151</xmax>
			<ymin>395</ymin>
			<ymax>442</ymax>
		</bndbox>
	</object>
</annotation>
