<annotation>
	<folder></folder>
	<filename>47_jpg.rf.9a0aeee0d6332eee40bc7b18d96b8aad.jpg</filename>
	<path>47_jpg.rf.9a0aeee0d6332eee40bc7b18d96b8aad.jpg</path>
	<source>
		<database>roboflow.com</database>
	</source>
	<size>
		<width>640</width>
		<height>640</height>
		<depth>3</depth>
	</size>
	<segmented>0</segmented>
	<object>
		<name>E</name>
		<pose>Unspecified</pose>
		<truncated>0</truncated>
		<difficult>0</difficult>
		<occluded>0</occluded>
		<bndbox>
			<xmin>81</xmin>
			<xmax>133</xmax>
			<ymin>355</ymin>
			<ymax>397</ymax>
		</bndbox>
	</object>
</annotation>
