<annotation>
	<folder></folder>
	<filename>47_jpg.rf.31b7e1e8d10f3a2be4b7ddd642ae6840.jpg</filename>
	<path>47_jpg.rf.31b7e1e8d10f3a2be4b7ddd642ae6840.jpg</path>
	<source>
		<database>roboflow.com</database>
	</source>
	<size>
		<width>640</width>
		<height>640</height>
		<depth>3</depth>
	</size>
	<segmented>0</segmented>
	<object>
		<name>E</name>
		<pose>Unspecified</pose>
		<truncated>0</truncated>
		<difficult>0</difficult>
		<occluded>0</occluded>
		<bndbox>
			<xmin>71</xmin>
			<xmax>134</xmax>
			<ymin>259</ymin>
			<ymax>317</ymax>
		</bndbox>
	</object>
</annotation>
