<annotation>
	<folder></folder>
	<filename>48_jpg.rf.2c4f0aa9200fe32fe4967bbfe5e75219.jpg</filename>
	<path>48_jpg.rf.2c4f0aa9200fe32fe4967bbfe5e75219.jpg</path>
	<source>
		<database>roboflow.com</database>
	</source>
	<size>
		<width>640</width>
		<height>640</height>
		<depth>3</depth>
	</size>
	<segmented>0</segmented>
	<object>
		<name>E</name>
		<pose>Unspecified</pose>
		<truncated>0</truncated>
		<difficult>0</difficult>
		<occluded>0</occluded>
		<bndbox>
			<xmin>128</xmin>
			<xmax>179</xmax>
			<ymin>164</ymin>
			<ymax>211</ymax>
		</bndbox>
	</object>
</annotation>
