<annotation>
	<folder></folder>
	<filename>48_jpg.rf.6950de9068b40544f6048260e490513c.jpg</filename>
	<path>48_jpg.rf.6950de9068b40544f6048260e490513c.jpg</path>
	<source>
		<database>roboflow.com</database>
	</source>
	<size>
		<width>640</width>
		<height>640</height>
		<depth>3</depth>
	</size>
	<segmented>0</segmented>
	<object>
		<name>E</name>
		<pose>Unspecified</pose>
		<truncated>0</truncated>
		<difficult>0</difficult>
		<occluded>0</occluded>
		<bndbox>
			<xmin>83</xmin>
			<xmax>136</xmax>
			<ymin>327</ymin>
			<ymax>377</ymax>
		</bndbox>
	</object>
</annotation>
