<annotation>
	<folder></folder>
	<filename>48_jpg.rf.86ca98558b925ebd5685026bc9cb7efd.jpg</filename>
	<path>48_jpg.rf.86ca98558b925ebd5685026bc9cb7efd.jpg</path>
	<source>
		<database>roboflow.com</database>
	</source>
	<size>
		<width>640</width>
		<height>640</height>
		<depth>3</depth>
	</size>
	<segmented>0</segmented>
	<object>
		<name>E</name>
		<pose>Unspecified</pose>
		<truncated>0</truncated>
		<difficult>0</difficult>
		<occluded>0</occluded>
		<bndbox>
			<xmin>82</xmin>
			<xmax>132</xmax>
			<ymin>300</ymin>
			<ymax>346</ymax>
		</bndbox>
	</object>
</annotation>
