<annotation>
	<folder></folder>
	<filename>50_jpg.rf.be0f65b7028da50abb5f657f32156cc5.jpg</filename>
	<path>50_jpg.rf.be0f65b7028da50abb5f657f32156cc5.jpg</path>
	<source>
		<database>roboflow.com</database>
	</source>
	<size>
		<width>640</width>
		<height>640</height>
		<depth>3</depth>
	</size>
	<segmented>0</segmented>
	<object>
		<name>E</name>
		<pose>Unspecified</pose>
		<truncated>0</truncated>
		<difficult>0</difficult>
		<occluded>0</occluded>
		<bndbox>
			<xmin>86</xmin>
			<xmax>149</xmax>
			<ymin>203</ymin>
			<ymax>252</ymax>
		</bndbox>
	</object>
</annotation>
