<annotation>
	<folder></folder>
	<filename>50_jpg.rf.80883b05bdd21ae1e667402dc84e5ee2.jpg</filename>
	<path>50_jpg.rf.80883b05bdd21ae1e667402dc84e5ee2.jpg</path>
	<source>
		<database>roboflow.com</database>
	</source>
	<size>
		<width>640</width>
		<height>640</height>
		<depth>3</depth>
	</size>
	<segmented>0</segmented>
	<object>
		<name>E</name>
		<pose>Unspecified</pose>
		<truncated>0</truncated>
		<difficult>0</difficult>
		<occluded>0</occluded>
		<bndbox>
			<xmin>75</xmin>
			<xmax>132</xmax>
			<ymin>248</ymin>
			<ymax>289</ymax>
		</bndbox>
	</object>
</annotation>
