<annotation>
	<folder></folder>
	<filename>50_jpg.rf.6294237dd8133450c11ed3f242e879a3.jpg</filename>
	<path>50_jpg.rf.6294237dd8133450c11ed3f242e879a3.jpg</path>
	<source>
		<database>roboflow.com</database>
	</source>
	<size>
		<width>640</width>
		<height>640</height>
		<depth>3</depth>
	</size>
	<segmented>0</segmented>
	<object>
		<name>E</name>
		<pose>Unspecified</pose>
		<truncated>0</truncated>
		<difficult>0</difficult>
		<occluded>0</occluded>
		<bndbox>
			<xmin>65</xmin>
			<xmax>129</xmax>
			<ymin>288</ymin>
			<ymax>340</ymax>
		</bndbox>
	</object>
</annotation>
