<annotation>
	<folder></folder>
	<filename>51_jpg.rf.8c3b3a7563be64cf52f76663ae894bb2.jpg</filename>
	<path>51_jpg.rf.8c3b3a7563be64cf52f76663ae894bb2.jpg</path>
	<source>
		<database>roboflow.com</database>
	</source>
	<size>
		<width>640</width>
		<height>640</height>
		<depth>3</depth>
	</size>
	<segmented>0</segmented>
	<object>
		<name>E</name>
		<pose>Unspecified</pose>
		<truncated>0</truncated>
		<difficult>0</difficult>
		<occluded>0</occluded>
		<bndbox>
			<xmin>28</xmin>
			<xmax>86</xmax>
			<ymin>287</ymin>
			<ymax>329</ymax>
		</bndbox>
	</object>
</annotation>
