<annotation>
	<folder></folder>
	<filename>51_jpg.rf.ca0be8410f81ce50a4c337059a64a61e.jpg</filename>
	<path>51_jpg.rf.ca0be8410f81ce50a4c337059a64a61e.jpg</path>
	<source>
		<database>roboflow.com</database>
	</source>
	<size>
		<width>640</width>
		<height>640</height>
		<depth>3</depth>
	</size>
	<segmented>0</segmented>
	<object>
		<name>E</name>
		<pose>Unspecified</pose>
		<truncated>0</truncated>
		<difficult>0</difficult>
		<occluded>0</occluded>
		<bndbox>
			<xmin>36</xmin>
			<xmax>90</xmax>
			<ymin>246</ymin>
			<ymax>279</ymax>
		</bndbox>
	</object>
</annotation>
