<annotation>
	<folder></folder>
	<filename>51_jpg.rf.795d45b4747ee2a92def81f52447e356.jpg</filename>
	<path>51_jpg.rf.795d45b4747ee2a92def81f52447e356.jpg</path>
	<source>
		<database>roboflow.com</database>
	</source>
	<size>
		<width>640</width>
		<height>640</height>
		<depth>3</depth>
	</size>
	<segmented>0</segmented>
	<object>
		<name>E</name>
		<pose>Unspecified</pose>
		<truncated>0</truncated>
		<difficult>0</difficult>
		<occluded>0</occluded>
		<bndbox>
			<xmin>29</xmin>
			<xmax>89</xmax>
			<ymin>330</ymin>
			<ymax>379</ymax>
		</bndbox>
	</object>
</annotation>
