<annotation>
	<folder></folder>
	<filename>52_jpg.rf.0a26d8e691f2eade6a871b99ffb1b597.jpg</filename>
	<path>52_jpg.rf.0a26d8e691f2eade6a871b99ffb1b597.jpg</path>
	<source>
		<database>roboflow.com</database>
	</source>
	<size>
		<width>640</width>
		<height>640</height>
		<depth>3</depth>
	</size>
	<segmented>0</segmented>
	<object>
		<name>E</name>
		<pose>Unspecified</pose>
		<truncated>0</truncated>
		<difficult>0</difficult>
		<occluded>0</occluded>
		<bndbox>
			<xmin>169</xmin>
			<xmax>221</xmax>
			<ymin>113</ymin>
			<ymax>160</ymax>
		</bndbox>
	</object>
</annotation>
