<annotation>
	<folder></folder>
	<filename>52_jpg.rf.7e8da1b66e01aea296ff39d5bce7433a.jpg</filename>
	<path>52_jpg.rf.7e8da1b66e01aea296ff39d5bce7433a.jpg</path>
	<source>
		<database>roboflow.com</database>
	</source>
	<size>
		<width>640</width>
		<height>640</height>
		<depth>3</depth>
	</size>
	<segmented>0</segmented>
	<object>
		<name>E</name>
		<pose>Unspecified</pose>
		<truncated>0</truncated>
		<difficult>0</difficult>
		<occluded>0</occluded>
		<bndbox>
			<xmin>154</xmin>
			<xmax>205</xmax>
			<ymin>126</ymin>
			<ymax>170</ymax>
		</bndbox>
	</object>
</annotation>
