<annotation>
	<folder></folder>
	<filename>53_jpg.rf.03d6a95f4a229448fbc7867274f20d9d.jpg</filename>
	<path>53_jpg.rf.03d6a95f4a229448fbc7867274f20d9d.jpg</path>
	<source>
		<database>roboflow.com</database>
	</source>
	<size>
		<width>640</width>
		<height>640</height>
		<depth>3</depth>
	</size>
	<segmented>0</segmented>
	<object>
		<name>E</name>
		<pose>Unspecified</pose>
		<truncated>0</truncated>
		<difficult>0</difficult>
		<occluded>0</occluded>
		<bndbox>
			<xmin>92</xmin>
			<xmax>149</xmax>
			<ymin>182</ymin>
			<ymax>220</ymax>
		</bndbox>
	</object>
</annotation>
