<annotation>
	<folder></folder>
	<filename>53_jpg.rf.b3434552d8a27652a3b3f29e669d80bf.jpg</filename>
	<path>53_jpg.rf.b3434552d8a27652a3b3f29e669d80bf.jpg</path>
	<source>
		<database>roboflow.com</database>
	</source>
	<size>
		<width>640</width>
		<height>640</height>
		<depth>3</depth>
	</size>
	<segmented>0</segmented>
	<object>
		<name>E</name>
		<pose>Unspecified</pose>
		<truncated>0</truncated>
		<difficult>0</difficult>
		<occluded>0</occluded>
		<bndbox>
			<xmin>158</xmin>
			<xmax>224</xmax>
			<ymin>98</ymin>
			<ymax>156</ymax>
		</bndbox>
	</object>
</annotation>
