<annotation>
	<folder></folder>
	<filename>53_jpg.rf.c278891058b515494d4385a4aea51bf3.jpg</filename>
	<path>53_jpg.rf.c278891058b515494d4385a4aea51bf3.jpg</path>
	<source>
		<database>roboflow.com</database>
	</source>
	<size>
		<width>640</width>
		<height>640</height>
		<depth>3</depth>
	</size>
	<segmented>0</segmented>
	<object>
		<name>E</name>
		<pose>Unspecified</pose>
		<truncated>0</truncated>
		<difficult>0</difficult>
		<occluded>0</occluded>
		<bndbox>
			<xmin>154</xmin>
			<xmax>220</xmax>
			<ymin>101</ymin>
			<ymax>158</ymax>
		</bndbox>
	</object>
</annotation>
