<annotation>
	<folder></folder>
	<filename>54_jpg.rf.4f4c3e39a437e4b5e61e35707c1edce6.jpg</filename>
	<path>54_jpg.rf.4f4c3e39a437e4b5e61e35707c1edce6.jpg</path>
	<source>
		<database>roboflow.com</database>
	</source>
	<size>
		<width>640</width>
		<height>640</height>
		<depth>3</depth>
	</size>
	<segmented>0</segmented>
	<object>
		<name>E</name>
		<pose>Unspecified</pose>
		<truncated>0</truncated>
		<difficult>0</difficult>
		<occluded>0</occluded>
		<bndbox>
			<xmin>126</xmin>
			<xmax>188</xmax>
			<ymin>130</ymin>
			<ymax>173</ymax>
		</bndbox>
	</object>
</annotation>
