<annotation>
	<folder></folder>
	<filename>54_jpg.rf.e17f0ca6485bab500da8c50e2f9aea9d.jpg</filename>
	<path>54_jpg.rf.e17f0ca6485bab500da8c50e2f9aea9d.jpg</path>
	<source>
		<database>roboflow.com</database>
	</source>
	<size>
		<width>640</width>
		<height>640</height>
		<depth>3</depth>
	</size>
	<segmented>0</segmented>
	<object>
		<name>E</name>
		<pose>Unspecified</pose>
		<truncated>0</truncated>
		<difficult>0</difficult>
		<occluded>0</occluded>
		<bndbox>
			<xmin>67</xmin>
			<xmax>129</xmax>
			<ymin>223</ymin>
			<ymax>265</ymax>
		</bndbox>
	</object>
</annotation>
