<annotation>
	<folder></folder>
	<filename>54_jpg.rf.15b73baafdff6674136e32d1a8f7a101.jpg</filename>
	<path>54_jpg.rf.15b73baafdff6674136e32d1a8f7a101.jpg</path>
	<source>
		<database>roboflow.com</database>
	</source>
	<size>
		<width>640</width>
		<height>640</height>
		<depth>3</depth>
	</size>
	<segmented>0</segmented>
	<object>
		<name>E</name>
		<pose>Unspecified</pose>
		<truncated>0</truncated>
		<difficult>0</difficult>
		<occluded>0</occluded>
		<bndbox>
			<xmin>121</xmin>
			<xmax>183</xmax>
			<ymin>137</ymin>
			<ymax>178</ymax>
		</bndbox>
	</object>
</annotation>
