<annotation>
	<folder></folder>
	<filename>55_jpg.rf.6e9b8133f458db7528e8004f0007f7c4.jpg</filename>
	<path>55_jpg.rf.6e9b8133f458db7528e8004f0007f7c4.jpg</path>
	<source>
		<database>roboflow.com</database>
	</source>
	<size>
		<width>640</width>
		<height>640</height>
		<depth>3</depth>
	</size>
	<segmented>0</segmented>
	<object>
		<name>E</name>
		<pose>Unspecified</pose>
		<truncated>0</truncated>
		<difficult>0</difficult>
		<occluded>0</occluded>
		<bndbox>
			<xmin>101</xmin>
			<xmax>169</xmax>
			<ymin>161</ymin>
			<ymax>216</ymax>
		</bndbox>
	</object>
</annotation>
