<annotation>
	<folder></folder>
	<filename>55_jpg.rf.68f521eb7e33f365556516c4fd6c0de9.jpg</filename>
	<path>55_jpg.rf.68f521eb7e33f365556516c4fd6c0de9.jpg</path>
	<source>
		<database>roboflow.com</database>
	</source>
	<size>
		<width>640</width>
		<height>640</height>
		<depth>3</depth>
	</size>
	<segmented>0</segmented>
	<object>
		<name>E</name>
		<pose>Unspecified</pose>
		<truncated>0</truncated>
		<difficult>0</difficult>
		<occluded>0</occluded>
		<bndbox>
			<xmin>76</xmin>
			<xmax>137</xmax>
			<ymin>220</ymin>
			<ymax>262</ymax>
		</bndbox>
	</object>
</annotation>
