<annotation>
	<folder></folder>
	<filename>55_jpg.rf.ea0ba305e50f4ba48547821d2580b58d.jpg</filename>
	<path>55_jpg.rf.ea0ba305e50f4ba48547821d2580b58d.jpg</path>
	<source>
		<database>roboflow.com</database>
	</source>
	<size>
		<width>640</width>
		<height>640</height>
		<depth>3</depth>
	</size>
	<segmented>0</segmented>
	<object>
		<name>E</name>
		<pose>Unspecified</pose>
		<truncated>0</truncated>
		<difficult>0</difficult>
		<occluded>0</occluded>
		<bndbox>
			<xmin>87</xmin>
			<xmax>152</xmax>
			<ymin>187</ymin>
			<ymax>237</ymax>
		</bndbox>
	</object>
</annotation>
