<annotation>
	<folder></folder>
	<filename>57_jpg.rf.503486d03e5af0560a1dcc9bc7886aca.jpg</filename>
	<path>57_jpg.rf.503486d03e5af0560a1dcc9bc7886aca.jpg</path>
	<source>
		<database>roboflow.com</database>
	</source>
	<size>
		<width>640</width>
		<height>640</height>
		<depth>3</depth>
	</size>
	<segmented>0</segmented>
	<object>
		<name>A</name>
		<pose>Unspecified</pose>
		<truncated>0</truncated>
		<difficult>0</difficult>
		<occluded>0</occluded>
		<bndbox>
			<xmin>36</xmin>
			<xmax>103</xmax>
			<ymin>158</ymin>
			<ymax>200</ymax>
		</bndbox>
	</object>
</annotation>
