<annotation>
	<folder></folder>
	<filename>57_jpg.rf.e1032c87d1013628120d62ef7300d24e.jpg</filename>
	<path>57_jpg.rf.e1032c87d1013628120d62ef7300d24e.jpg</path>
	<source>
		<database>roboflow.com</database>
	</source>
	<size>
		<width>640</width>
		<height>640</height>
		<depth>3</depth>
	</size>
	<segmented>0</segmented>
	<object>
		<name>A</name>
		<pose>Unspecified</pose>
		<truncated>0</truncated>
		<difficult>0</difficult>
		<occluded>0</occluded>
		<bndbox>
			<xmin>53</xmin>
			<xmax>118</xmax>
			<ymin>135</ymin>
			<ymax>171</ymax>
		</bndbox>
	</object>
</annotation>
