<annotation>
	<folder></folder>
	<filename>57_jpg.rf.d487d719df09fc57763c60d928d3f3c7.jpg</filename>
	<path>57_jpg.rf.d487d719df09fc57763c60d928d3f3c7.jpg</path>
	<source>
		<database>roboflow.com</database>
	</source>
	<size>
		<width>640</width>
		<height>640</height>
		<depth>3</depth>
	</size>
	<segmented>0</segmented>
	<object>
		<name>A</name>
		<pose>Unspecified</pose>
		<truncated>0</truncated>
		<difficult>0</difficult>
		<occluded>0</occluded>
		<bndbox>
			<xmin>14</xmin>
			<xmax>83</xmax>
			<ymin>199</ymin>
			<ymax>250</ymax>
		</bndbox>
	</object>
</annotation>
