<annotation>
	<folder></folder>
	<filename>58_jpg.rf.7f02f9c7d12a1d4ee6fe7c221e7128c7.jpg</filename>
	<path>58_jpg.rf.7f02f9c7d12a1d4ee6fe7c221e7128c7.jpg</path>
	<source>
		<database>roboflow.com</database>
	</source>
	<size>
		<width>640</width>
		<height>640</height>
		<depth>3</depth>
	</size>
	<segmented>0</segmented>
	<object>
		<name>B</name>
		<pose>Unspecified</pose>
		<truncated>0</truncated>
		<difficult>0</difficult>
		<occluded>0</occluded>
		<bndbox>
			<xmin>87</xmin>
			<xmax>135</xmax>
			<ymin>185</ymin>
			<ymax>221</ymax>
		</bndbox>
	</object>
</annotation>
