<annotation>
	<folder></folder>
	<filename>58_jpg.rf.106bd086af497ff41d4ee8bf4ae4519f.jpg</filename>
	<path>58_jpg.rf.106bd086af497ff41d4ee8bf4ae4519f.jpg</path>
	<source>
		<database>roboflow.com</database>
	</source>
	<size>
		<width>640</width>
		<height>640</height>
		<depth>3</depth>
	</size>
	<segmented>0</segmented>
	<object>
		<name>B</name>
		<pose>Unspecified</pose>
		<truncated>0</truncated>
		<difficult>0</difficult>
		<occluded>0</occluded>
		<bndbox>
			<xmin>152</xmin>
			<xmax>201</xmax>
			<ymin>109</ymin>
			<ymax>147</ymax>
		</bndbox>
	</object>
</annotation>
