<annotation>
	<folder></folder>
	<filename>5_jpg.rf.40f044f963433bfdaf04bad6a2b2cfe1.jpg</filename>
	<path>5_jpg.rf.40f044f963433bfdaf04bad6a2b2cfe1.jpg</path>
	<source>
		<database>roboflow.com</database>
	</source>
	<size>
		<width>640</width>
		<height>640</height>
		<depth>3</depth>
	</size>
	<segmented>0</segmented>
	<object>
		<name>A</name>
		<pose>Unspecified</pose>
		<truncated>0</truncated>
		<difficult>0</difficult>
		<occluded>0</occluded>
		<bndbox>
			<xmin>54</xmin>
			<xmax>101</xmax>
			<ymin>175</ymin>
			<ymax>212</ymax>
		</bndbox>
	</object>
</annotation>
