<annotation>
	<folder></folder>
	<filename>5_jpg.rf.d5c57fe7a22d4f9ae4ff86b819ffdce1.jpg</filename>
	<path>5_jpg.rf.d5c57fe7a22d4f9ae4ff86b819ffdce1.jpg</path>
	<source>
		<database>roboflow.com</database>
	</source>
	<size>
		<width>640</width>
		<height>640</height>
		<depth>3</depth>
	</size>
	<segmented>0</segmented>
	<object>
		<name>A</name>
		<pose>Unspecified</pose>
		<truncated>0</truncated>
		<difficult>0</difficult>
		<occluded>0</occluded>
		<bndbox>
			<xmin>46</xmin>
			<xmax>94</xmax>
			<ymin>191</ymin>
			<ymax>230</ymax>
		</bndbox>
	</object>
</annotation>
