<annotation>
	<folder></folder>
	<filename>5_jpg.rf.2cde51c89b8d4d9341cbcca0e7a7e8be.jpg</filename>
	<path>5_jpg.rf.2cde51c89b8d4d9341cbcca0e7a7e8be.jpg</path>
	<source>
		<database>roboflow.com</database>
	</source>
	<size>
		<width>640</width>
		<height>640</height>
		<depth>3</depth>
	</size>
	<segmented>0</segmented>
	<object>
		<name>A</name>
		<pose>Unspecified</pose>
		<truncated>0</truncated>
		<difficult>0</difficult>
		<occluded>0</occluded>
		<bndbox>
			<xmin>171</xmin>
			<xmax>219</xmax>
			<ymin>57</ymin>
			<ymax>97</ymax>
		</bndbox>
	</object>
</annotation>
