<annotation>
	<folder></folder>
	<filename>60_jpg.rf.be69bd7aef129acce0556bf2aa2c2563.jpg</filename>
	<path>60_jpg.rf.be69bd7aef129acce0556bf2aa2c2563.jpg</path>
	<source>
		<database>roboflow.com</database>
	</source>
	<size>
		<width>640</width>
		<height>640</height>
		<depth>3</depth>
	</size>
	<segmented>0</segmented>
	<object>
		<name>C</name>
		<pose>Unspecified</pose>
		<truncated>0</truncated>
		<difficult>0</difficult>
		<occluded>0</occluded>
		<bndbox>
			<xmin>94</xmin>
			<xmax>160</xmax>
			<ymin>363</ymin>
			<ymax>419</ymax>
		</bndbox>
	</object>
</annotation>
