<annotation>
	<folder></folder>
	<filename>60_jpg.rf.ec0766fb66e81a1c24a2d0f87cbce8fe.jpg</filename>
	<path>60_jpg.rf.ec0766fb66e81a1c24a2d0f87cbce8fe.jpg</path>
	<source>
		<database>roboflow.com</database>
	</source>
	<size>
		<width>640</width>
		<height>640</height>
		<depth>3</depth>
	</size>
	<segmented>0</segmented>
	<object>
		<name>C</name>
		<pose>Unspecified</pose>
		<truncated>0</truncated>
		<difficult>0</difficult>
		<occluded>0</occluded>
		<bndbox>
			<xmin>103</xmin>
			<xmax>170</xmax>
			<ymin>202</ymin>
			<ymax>260</ymax>
		</bndbox>
	</object>
</annotation>
