<annotation>
	<folder></folder>
	<filename>60_jpg.rf.8e62e37c7759802813c118657403f6e7.jpg</filename>
	<path>60_jpg.rf.8e62e37c7759802813c118657403f6e7.jpg</path>
	<source>
		<database>roboflow.com</database>
	</source>
	<size>
		<width>640</width>
		<height>640</height>
		<depth>3</depth>
	</size>
	<segmented>0</segmented>
	<object>
		<name>C</name>
		<pose>Unspecified</pose>
		<truncated>0</truncated>
		<difficult>0</difficult>
		<occluded>0</occluded>
		<bndbox>
			<xmin>87</xmin>
			<xmax>144</xmax>
			<ymin>294</ymin>
			<ymax>333</ymax>
		</bndbox>
	</object>
</annotation>
