<annotation>
	<folder></folder>
	<filename>62_jpg.rf.fe1ed705fd05ba06dfe45afe8f90c796.jpg</filename>
	<path>62_jpg.rf.fe1ed705fd05ba06dfe45afe8f90c796.jpg</path>
	<source>
		<database>roboflow.com</database>
	</source>
	<size>
		<width>640</width>
		<height>640</height>
		<depth>3</depth>
	</size>
	<segmented>0</segmented>
	<object>
		<name>E</name>
		<pose>Unspecified</pose>
		<truncated>0</truncated>
		<difficult>0</difficult>
		<occluded>0</occluded>
		<bndbox>
			<xmin>36</xmin>
			<xmax>87</xmax>
			<ymin>290</ymin>
			<ymax>328</ymax>
		</bndbox>
	</object>
</annotation>
