<annotation>
	<folder></folder>
	<filename>62_jpg.rf.4a843d31f775afb4d0b4c0f59130ebca.jpg</filename>
	<path>62_jpg.rf.4a843d31f775afb4d0b4c0f59130ebca.jpg</path>
	<source>
		<database>roboflow.com</database>
	</source>
	<size>
		<width>640</width>
		<height>640</height>
		<depth>3</depth>
	</size>
	<segmented>0</segmented>
	<object>
		<name>E</name>
		<pose>Unspecified</pose>
		<truncated>0</truncated>
		<difficult>0</difficult>
		<occluded>0</occluded>
		<bndbox>
			<xmin>37</xmin>
			<xmax>87</xmax>
			<ymin>277</ymin>
			<ymax>313</ymax>
		</bndbox>
	</object>
</annotation>
