<annotation>
	<folder></folder>
	<filename>64_jpg.rf.68ec70f685282c6352935dcc0848a429.jpg</filename>
	<path>64_jpg.rf.68ec70f685282c6352935dcc0848a429.jpg</path>
	<source>
		<database>roboflow.com</database>
	</source>
	<size>
		<width>640</width>
		<height>640</height>
		<depth>3</depth>
	</size>
	<segmented>0</segmented>
	<object>
		<name>E</name>
		<pose>Unspecified</pose>
		<truncated>0</truncated>
		<difficult>0</difficult>
		<occluded>0</occluded>
		<bndbox>
			<xmin>79</xmin>
			<xmax>134</xmax>
			<ymin>195</ymin>
			<ymax>240</ymax>
		</bndbox>
	</object>
</annotation>
