<annotation>
	<folder></folder>
	<filename>64_jpg.rf.ca77fac26d4cdd1622eab5ca7081dc4e.jpg</filename>
	<path>64_jpg.rf.ca77fac26d4cdd1622eab5ca7081dc4e.jpg</path>
	<source>
		<database>roboflow.com</database>
	</source>
	<size>
		<width>640</width>
		<height>640</height>
		<depth>3</depth>
	</size>
	<segmented>0</segmented>
	<object>
		<name>E</name>
		<pose>Unspecified</pose>
		<truncated>0</truncated>
		<difficult>0</difficult>
		<occluded>0</occluded>
		<bndbox>
			<xmin>73</xmin>
			<xmax>127</xmax>
			<ymin>212</ymin>
			<ymax>254</ymax>
		</bndbox>
	</object>
</annotation>
