<annotation>
	<folder></folder>
	<filename>64_jpg.rf.4f342e778164c5a787347b4ccd648006.jpg</filename>
	<path>64_jpg.rf.4f342e778164c5a787347b4ccd648006.jpg</path>
	<source>
		<database>roboflow.com</database>
	</source>
	<size>
		<width>640</width>
		<height>640</height>
		<depth>3</depth>
	</size>
	<segmented>0</segmented>
	<object>
		<name>E</name>
		<pose>Unspecified</pose>
		<truncated>0</truncated>
		<difficult>0</difficult>
		<occluded>0</occluded>
		<bndbox>
			<xmin>57</xmin>
			<xmax>109</xmax>
			<ymin>295</ymin>
			<ymax>333</ymax>
		</bndbox>
	</object>
</annotation>
