<annotation>
	<folder></folder>
	<filename>65_jpg.rf.592906cf04f923a1316e12e15cd116d9.jpg</filename>
	<path>65_jpg.rf.592906cf04f923a1316e12e15cd116d9.jpg</path>
	<source>
		<database>roboflow.com</database>
	</source>
	<size>
		<width>640</width>
		<height>640</height>
		<depth>3</depth>
	</size>
	<segmented>0</segmented>
	<object>
		<name>E</name>
		<pose>Unspecified</pose>
		<truncated>0</truncated>
		<difficult>0</difficult>
		<occluded>0</occluded>
		<bndbox>
			<xmin>80</xmin>
			<xmax>130</xmax>
			<ymin>327</ymin>
			<ymax>362</ymax>
		</bndbox>
	</object>
</annotation>
