<annotation>
	<folder></folder>
	<filename>65_jpg.rf.1dab4e10bf806b652693f04a776b8ed1.jpg</filename>
	<path>65_jpg.rf.1dab4e10bf806b652693f04a776b8ed1.jpg</path>
	<source>
		<database>roboflow.com</database>
	</source>
	<size>
		<width>640</width>
		<height>640</height>
		<depth>3</depth>
	</size>
	<segmented>0</segmented>
	<object>
		<name>E</name>
		<pose>Unspecified</pose>
		<truncated>0</truncated>
		<difficult>0</difficult>
		<occluded>0</occluded>
		<bndbox>
			<xmin>78</xmin>
			<xmax>134</xmax>
			<ymin>268</ymin>
			<ymax>314</ymax>
		</bndbox>
	</object>
</annotation>
