<annotation>
	<folder></folder>
	<filename>65_jpg.rf.b122eda5e0f52df40518b61867060590.jpg</filename>
	<path>65_jpg.rf.b122eda5e0f52df40518b61867060590.jpg</path>
	<source>
		<database>roboflow.com</database>
	</source>
	<size>
		<width>640</width>
		<height>640</height>
		<depth>3</depth>
	</size>
	<segmented>0</segmented>
	<object>
		<name>E</name>
		<pose>Unspecified</pose>
		<truncated>0</truncated>
		<difficult>0</difficult>
		<occluded>0</occluded>
		<bndbox>
			<xmin>78</xmin>
			<xmax>131</xmax>
			<ymin>302</ymin>
			<ymax>342</ymax>
		</bndbox>
	</object>
</annotation>
