<annotation>
	<folder></folder>
	<filename>68_jpg.rf.017529b8b8648fe4979b9d00e67a3d00.jpg</filename>
	<path>68_jpg.rf.017529b8b8648fe4979b9d00e67a3d00.jpg</path>
	<source>
		<database>roboflow.com</database>
	</source>
	<size>
		<width>640</width>
		<height>640</height>
		<depth>3</depth>
	</size>
	<segmented>0</segmented>
	<object>
		<name>D</name>
		<pose>Unspecified</pose>
		<truncated>0</truncated>
		<difficult>0</difficult>
		<occluded>0</occluded>
		<bndbox>
			<xmin>90</xmin>
			<xmax>131</xmax>
			<ymin>178</ymin>
			<ymax>204</ymax>
		</bndbox>
	</object>
</annotation>
