<annotation>
	<folder></folder>
	<filename>68_jpg.rf.70b7132e0ed67d3a91d2c8d1029947f8.jpg</filename>
	<path>68_jpg.rf.70b7132e0ed67d3a91d2c8d1029947f8.jpg</path>
	<source>
		<database>roboflow.com</database>
	</source>
	<size>
		<width>640</width>
		<height>640</height>
		<depth>3</depth>
	</size>
	<segmented>0</segmented>
	<object>
		<name>D</name>
		<pose>Unspecified</pose>
		<truncated>0</truncated>
		<difficult>0</difficult>
		<occluded>0</occluded>
		<bndbox>
			<xmin>58</xmin>
			<xmax>102</xmax>
			<ymin>249</ymin>
			<ymax>285</ymax>
		</bndbox>
	</object>
</annotation>
