<annotation>
	<folder></folder>
	<filename>69_jpg.rf.0d87699ed42f62d230f0bbb920eb561d.jpg</filename>
	<path>69_jpg.rf.0d87699ed42f62d230f0bbb920eb561d.jpg</path>
	<source>
		<database>roboflow.com</database>
	</source>
	<size>
		<width>640</width>
		<height>640</height>
		<depth>3</depth>
	</size>
	<segmented>0</segmented>
	<object>
		<name>D</name>
		<pose>Unspecified</pose>
		<truncated>0</truncated>
		<difficult>0</difficult>
		<occluded>0</occluded>
		<bndbox>
			<xmin>98</xmin>
			<xmax>137</xmax>
			<ymin>177</ymin>
			<ymax>203</ymax>
		</bndbox>
	</object>
</annotation>
