<annotation>
	<folder></folder>
	<filename>69_jpg.rf.65e8b43028850209d1d58ef41a3485d0.jpg</filename>
	<path>69_jpg.rf.65e8b43028850209d1d58ef41a3485d0.jpg</path>
	<source>
		<database>roboflow.com</database>
	</source>
	<size>
		<width>640</width>
		<height>640</height>
		<depth>3</depth>
	</size>
	<segmented>0</segmented>
	<object>
		<name>D</name>
		<pose>Unspecified</pose>
		<truncated>0</truncated>
		<difficult>0</difficult>
		<occluded>0</occluded>
		<bndbox>
			<xmin>123</xmin>
			<xmax>162</xmax>
			<ymin>144</ymin>
			<ymax>170</ymax>
		</bndbox>
	</object>
</annotation>
