<annotation>
	<folder></folder>
	<filename>69_jpg.rf.96c2ee59a58adf0ce14b99bc6f2378e6.jpg</filename>
	<path>69_jpg.rf.96c2ee59a58adf0ce14b99bc6f2378e6.jpg</path>
	<source>
		<database>roboflow.com</database>
	</source>
	<size>
		<width>640</width>
		<height>640</height>
		<depth>3</depth>
	</size>
	<segmented>0</segmented>
	<object>
		<name>D</name>
		<pose>Unspecified</pose>
		<truncated>0</truncated>
		<difficult>0</difficult>
		<occluded>0</occluded>
		<bndbox>
			<xmin>171</xmin>
			<xmax>213</xmax>
			<ymin>99</ymin>
			<ymax>133</ymax>
		</bndbox>
	</object>
</annotation>
