<annotation>
	<folder></folder>
	<filename>6_jpg.rf.6f6946e45258fac4cf58adf26d7fc10a.jpg</filename>
	<path>6_jpg.rf.6f6946e45258fac4cf58adf26d7fc10a.jpg</path>
	<source>
		<database>roboflow.com</database>
	</source>
	<size>
		<width>640</width>
		<height>640</height>
		<depth>3</depth>
	</size>
	<segmented>0</segmented>
	<object>
		<name>A</name>
		<pose>Unspecified</pose>
		<truncated>0</truncated>
		<difficult>0</difficult>
		<occluded>0</occluded>
		<bndbox>
			<xmin>114</xmin>
			<xmax>166</xmax>
			<ymin>84</ymin>
			<ymax>125</ymax>
		</bndbox>
	</object>
</annotation>
