<annotation>
	<folder></folder>
	<filename>6_jpg.rf.dc114c587fdcfab9512aaa9d63b18866.jpg</filename>
	<path>6_jpg.rf.dc114c587fdcfab9512aaa9d63b18866.jpg</path>
	<source>
		<database>roboflow.com</database>
	</source>
	<size>
		<width>640</width>
		<height>640</height>
		<depth>3</depth>
	</size>
	<segmented>0</segmented>
	<object>
		<name>A</name>
		<pose>Unspecified</pose>
		<truncated>0</truncated>
		<difficult>0</difficult>
		<occluded>0</occluded>
		<bndbox>
			<xmin>149</xmin>
			<xmax>204</xmax>
			<ymin>56</ymin>
			<ymax>103</ymax>
		</bndbox>
	</object>
</annotation>
