<annotation>
	<folder></folder>
	<filename>70_jpg.rf.e6906923b019d6b3ac00aba134e5d5c7.jpg</filename>
	<path>70_jpg.rf.e6906923b019d6b3ac00aba134e5d5c7.jpg</path>
	<source>
		<database>roboflow.com</database>
	</source>
	<size>
		<width>640</width>
		<height>640</height>
		<depth>3</depth>
	</size>
	<segmented>0</segmented>
	<object>
		<name>D</name>
		<pose>Unspecified</pose>
		<truncated>0</truncated>
		<difficult>0</difficult>
		<occluded>0</occluded>
		<bndbox>
			<xmin>74</xmin>
			<xmax>116</xmax>
			<ymin>177</ymin>
			<ymax>207</ymax>
		</bndbox>
	</object>
</annotation>
