<annotation>
	<folder></folder>
	<filename>70_jpg.rf.2c6cc96fee48f8be2c226bbf0128e803.jpg</filename>
	<path>70_jpg.rf.2c6cc96fee48f8be2c226bbf0128e803.jpg</path>
	<source>
		<database>roboflow.com</database>
	</source>
	<size>
		<width>640</width>
		<height>640</height>
		<depth>3</depth>
	</size>
	<segmented>0</segmented>
	<object>
		<name>D</name>
		<pose>Unspecified</pose>
		<truncated>0</truncated>
		<difficult>0</difficult>
		<occluded>0</occluded>
		<bndbox>
			<xmin>100</xmin>
			<xmax>147</xmax>
			<ymin>133</ymin>
			<ymax>170</ymax>
		</bndbox>
	</object>
</annotation>
