<annotation>
	<folder></folder>
	<filename>70_jpg.rf.7fb085fa44391ee25957b80a11b5498a.jpg</filename>
	<path>70_jpg.rf.7fb085fa44391ee25957b80a11b5498a.jpg</path>
	<source>
		<database>roboflow.com</database>
	</source>
	<size>
		<width>640</width>
		<height>640</height>
		<depth>3</depth>
	</size>
	<segmented>0</segmented>
	<object>
		<name>D</name>
		<pose>Unspecified</pose>
		<truncated>0</truncated>
		<difficult>0</difficult>
		<occluded>0</occluded>
		<bndbox>
			<xmin>131</xmin>
			<xmax>181</xmax>
			<ymin>98</ymin>
			<ymax>141</ymax>
		</bndbox>
	</object>
</annotation>
