<annotation>
	<folder></folder>
	<filename>72_jpg.rf.33903fc45285ddcd2c772f4c341c781f.jpg</filename>
	<path>72_jpg.rf.33903fc45285ddcd2c772f4c341c781f.jpg</path>
	<source>
		<database>roboflow.com</database>
	</source>
	<size>
		<width>640</width>
		<height>640</height>
		<depth>3</depth>
	</size>
	<segmented>0</segmented>
	<object>
		<name>C</name>
		<pose>Unspecified</pose>
		<truncated>0</truncated>
		<difficult>0</difficult>
		<occluded>0</occluded>
		<bndbox>
			<xmin>122</xmin>
			<xmax>174</xmax>
			<ymin>89</ymin>
			<ymax>130</ymax>
		</bndbox>
	</object>
</annotation>
