<annotation>
	<folder></folder>
	<filename>72_jpg.rf.bd0e584deaa10808ce6e910f6ad97772.jpg</filename>
	<path>72_jpg.rf.bd0e584deaa10808ce6e910f6ad97772.jpg</path>
	<source>
		<database>roboflow.com</database>
	</source>
	<size>
		<width>640</width>
		<height>640</height>
		<depth>3</depth>
	</size>
	<segmented>0</segmented>
	<object>
		<name>C</name>
		<pose>Unspecified</pose>
		<truncated>0</truncated>
		<difficult>0</difficult>
		<occluded>0</occluded>
		<bndbox>
			<xmin>52</xmin>
			<xmax>101</xmax>
			<ymin>182</ymin>
			<ymax>216</ymax>
		</bndbox>
	</object>
</annotation>
