<annotation>
	<folder></folder>
	<filename>73_jpg.rf.cc96ddde6969aa36fcae7f28119e970a.jpg</filename>
	<path>73_jpg.rf.cc96ddde6969aa36fcae7f28119e970a.jpg</path>
	<source>
		<database>roboflow.com</database>
	</source>
	<size>
		<width>640</width>
		<height>640</height>
		<depth>3</depth>
	</size>
	<segmented>0</segmented>
	<object>
		<name>C</name>
		<pose>Unspecified</pose>
		<truncated>0</truncated>
		<difficult>0</difficult>
		<occluded>0</occluded>
		<bndbox>
			<xmin>45</xmin>
			<xmax>95</xmax>
			<ymin>279</ymin>
			<ymax>323</ymax>
		</bndbox>
	</object>
</annotation>
