<annotation>
	<folder></folder>
	<filename>74_jpg.rf.4d8415de428100a088f9964e3b130d91.jpg</filename>
	<path>74_jpg.rf.4d8415de428100a088f9964e3b130d91.jpg</path>
	<source>
		<database>roboflow.com</database>
	</source>
	<size>
		<width>640</width>
		<height>640</height>
		<depth>3</depth>
	</size>
	<segmented>0</segmented>
	<object>
		<name>E</name>
		<pose>Unspecified</pose>
		<truncated>0</truncated>
		<difficult>0</difficult>
		<occluded>0</occluded>
		<bndbox>
			<xmin>74</xmin>
			<xmax>113</xmax>
			<ymin>224</ymin>
			<ymax>257</ymax>
		</bndbox>
	</object>
</annotation>
