<annotation>
	<folder></folder>
	<filename>74_jpg.rf.76261a0ec124c959aadcae372b3a1ad4.jpg</filename>
	<path>74_jpg.rf.76261a0ec124c959aadcae372b3a1ad4.jpg</path>
	<source>
		<database>roboflow.com</database>
	</source>
	<size>
		<width>640</width>
		<height>640</height>
		<depth>3</depth>
	</size>
	<segmented>0</segmented>
	<object>
		<name>E</name>
		<pose>Unspecified</pose>
		<truncated>0</truncated>
		<difficult>0</difficult>
		<occluded>0</occluded>
		<bndbox>
			<xmin>95</xmin>
			<xmax>132</xmax>
			<ymin>184</ymin>
			<ymax>214</ymax>
		</bndbox>
	</object>
</annotation>
