<annotation>
	<folder></folder>
	<filename>74_jpg.rf.884c882651258d114f66cd5244994a4a.jpg</filename>
	<path>74_jpg.rf.884c882651258d114f66cd5244994a4a.jpg</path>
	<source>
		<database>roboflow.com</database>
	</source>
	<size>
		<width>640</width>
		<height>640</height>
		<depth>3</depth>
	</size>
	<segmented>0</segmented>
	<object>
		<name>E</name>
		<pose>Unspecified</pose>
		<truncated>0</truncated>
		<difficult>0</difficult>
		<occluded>0</occluded>
		<bndbox>
			<xmin>60</xmin>
			<xmax>103</xmax>
			<ymin>274</ymin>
			<ymax>313</ymax>
		</bndbox>
	</object>
</annotation>
