<annotation>
	<folder></folder>
	<filename>76_jpg.rf.d74318701fc897c50510feafd8f4ed10.jpg</filename>
	<path>76_jpg.rf.d74318701fc897c50510feafd8f4ed10.jpg</path>
	<source>
		<database>roboflow.com</database>
	</source>
	<size>
		<width>640</width>
		<height>640</height>
		<depth>3</depth>
	</size>
	<segmented>0</segmented>
	<object>
		<name>C</name>
		<pose>Unspecified</pose>
		<truncated>0</truncated>
		<difficult>0</difficult>
		<occluded>0</occluded>
		<bndbox>
			<xmin>107</xmin>
			<xmax>152</xmax>
			<ymin>136</ymin>
			<ymax>170</ymax>
		</bndbox>
	</object>
</annotation>
