<annotation>
	<folder></folder>
	<filename>76_jpg.rf.bdf11465c20e74002c5bf1e79ed90b7b.jpg</filename>
	<path>76_jpg.rf.bdf11465c20e74002c5bf1e79ed90b7b.jpg</path>
	<source>
		<database>roboflow.com</database>
	</source>
	<size>
		<width>640</width>
		<height>640</height>
		<depth>3</depth>
	</size>
	<segmented>0</segmented>
	<object>
		<name>C</name>
		<pose>Unspecified</pose>
		<truncated>0</truncated>
		<difficult>0</difficult>
		<occluded>0</occluded>
		<bndbox>
			<xmin>48</xmin>
			<xmax>96</xmax>
			<ymin>247</ymin>
			<ymax>287</ymax>
		</bndbox>
	</object>
</annotation>
