<annotation>
	<folder></folder>
	<filename>76_jpg.rf.ed59efcffa6b98096563dc82a1e582bb.jpg</filename>
	<path>76_jpg.rf.ed59efcffa6b98096563dc82a1e582bb.jpg</path>
	<source>
		<database>roboflow.com</database>
	</source>
	<size>
		<width>640</width>
		<height>640</height>
		<depth>3</depth>
	</size>
	<segmented>0</segmented>
	<object>
		<name>C</name>
		<pose>Unspecified</pose>
		<truncated>0</truncated>
		<difficult>0</difficult>
		<occluded>0</occluded>
		<bndbox>
			<xmin>132</xmin>
			<xmax>179</xmax>
			<ymin>108</ymin>
			<ymax>147</ymax>
		</bndbox>
	</object>
</annotation>
