<annotation>
	<folder></folder>
	<filename>77_jpg.rf.f39dc0e2049095477963c64df7e137ce.jpg</filename>
	<path>77_jpg.rf.f39dc0e2049095477963c64df7e137ce.jpg</path>
	<source>
		<database>roboflow.com</database>
	</source>
	<size>
		<width>640</width>
		<height>640</height>
		<depth>3</depth>
	</size>
	<segmented>0</segmented>
	<object>
		<name>C</name>
		<pose>Unspecified</pose>
		<truncated>0</truncated>
		<difficult>0</difficult>
		<occluded>0</occluded>
		<bndbox>
			<xmin>58</xmin>
			<xmax>99</xmax>
			<ymin>208</ymin>
			<ymax>242</ymax>
		</bndbox>
	</object>
</annotation>
