<annotation>
	<folder></folder>
	<filename>77_jpg.rf.28a751f5f09e259a3b918bb38713e75e.jpg</filename>
	<path>77_jpg.rf.28a751f5f09e259a3b918bb38713e75e.jpg</path>
	<source>
		<database>roboflow.com</database>
	</source>
	<size>
		<width>640</width>
		<height>640</height>
		<depth>3</depth>
	</size>
	<segmented>0</segmented>
	<object>
		<name>C</name>
		<pose>Unspecified</pose>
		<truncated>0</truncated>
		<difficult>0</difficult>
		<occluded>0</occluded>
		<bndbox>
			<xmin>44</xmin>
			<xmax>88</xmax>
			<ymin>245</ymin>
			<ymax>283</ymax>
		</bndbox>
	</object>
</annotation>
