<annotation>
	<folder></folder>
	<filename>77_jpg.rf.94f9daeea97d0fc14301038b3dd83fc7.jpg</filename>
	<path>77_jpg.rf.94f9daeea97d0fc14301038b3dd83fc7.jpg</path>
	<source>
		<database>roboflow.com</database>
	</source>
	<size>
		<width>640</width>
		<height>640</height>
		<depth>3</depth>
	</size>
	<segmented>0</segmented>
	<object>
		<name>C</name>
		<pose>Unspecified</pose>
		<truncated>0</truncated>
		<difficult>0</difficult>
		<occluded>0</occluded>
		<bndbox>
			<xmin>83</xmin>
			<xmax>120</xmax>
			<ymin>167</ymin>
			<ymax>194</ymax>
		</bndbox>
	</object>
</annotation>
