<annotation>
	<folder></folder>
	<filename>78_jpg.rf.c5943d12cd487b98765b4791eb460361.jpg</filename>
	<path>78_jpg.rf.c5943d12cd487b98765b4791eb460361.jpg</path>
	<source>
		<database>roboflow.com</database>
	</source>
	<size>
		<width>640</width>
		<height>640</height>
		<depth>3</depth>
	</size>
	<segmented>0</segmented>
	<object>
		<name>C</name>
		<pose>Unspecified</pose>
		<truncated>0</truncated>
		<difficult>0</difficult>
		<occluded>0</occluded>
		<bndbox>
			<xmin>29</xmin>
			<xmax>79</xmax>
			<ymin>242</ymin>
			<ymax>282</ymax>
		</bndbox>
	</object>
</annotation>
