<annotation>
	<folder></folder>
	<filename>78_jpg.rf.eee157f0260cbac632aee7679c8b3c13.jpg</filename>
	<path>78_jpg.rf.eee157f0260cbac632aee7679c8b3c13.jpg</path>
	<source>
		<database>roboflow.com</database>
	</source>
	<size>
		<width>640</width>
		<height>640</height>
		<depth>3</depth>
	</size>
	<segmented>0</segmented>
	<object>
		<name>C</name>
		<pose>Unspecified</pose>
		<truncated>0</truncated>
		<difficult>0</difficult>
		<occluded>0</occluded>
		<bndbox>
			<xmin>65</xmin>
			<xmax>110</xmax>
			<ymin>164</ymin>
			<ymax>192</ymax>
		</bndbox>
	</object>
</annotation>
