<annotation>
	<folder></folder>
	<filename>78_jpg.rf.dd23714deafcf46d4faff1a64d41eaff.jpg</filename>
	<path>78_jpg.rf.dd23714deafcf46d4faff1a64d41eaff.jpg</path>
	<source>
		<database>roboflow.com</database>
	</source>
	<size>
		<width>640</width>
		<height>640</height>
		<depth>3</depth>
	</size>
	<segmented>0</segmented>
	<object>
		<name>C</name>
		<pose>Unspecified</pose>
		<truncated>0</truncated>
		<difficult>0</difficult>
		<occluded>0</occluded>
		<bndbox>
			<xmin>102</xmin>
			<xmax>150</xmax>
			<ymin>113</ymin>
			<ymax>146</ymax>
		</bndbox>
	</object>
</annotation>
