<annotation>
	<folder></folder>
	<filename>80_jpg.rf.890802bf282606a53cd70ac9653a2022.jpg</filename>
	<path>80_jpg.rf.890802bf282606a53cd70ac9653a2022.jpg</path>
	<source>
		<database>roboflow.com</database>
	</source>
	<size>
		<width>640</width>
		<height>640</height>
		<depth>3</depth>
	</size>
	<segmented>0</segmented>
	<object>
		<name>B</name>
		<pose>Unspecified</pose>
		<truncated>0</truncated>
		<difficult>0</difficult>
		<occluded>0</occluded>
		<bndbox>
			<xmin>107</xmin>
			<xmax>153</xmax>
			<ymin>109</ymin>
			<ymax>146</ymax>
		</bndbox>
	</object>
</annotation>
