<annotation>
	<folder></folder>
	<filename>80_jpg.rf.eff856456cf3fd12a69e438fe0d57429.jpg</filename>
	<path>80_jpg.rf.eff856456cf3fd12a69e438fe0d57429.jpg</path>
	<source>
		<database>roboflow.com</database>
	</source>
	<size>
		<width>640</width>
		<height>640</height>
		<depth>3</depth>
	</size>
	<segmented>0</segmented>
	<object>
		<name>B</name>
		<pose>Unspecified</pose>
		<truncated>0</truncated>
		<difficult>0</difficult>
		<occluded>0</occluded>
		<bndbox>
			<xmin>117</xmin>
			<xmax>164</xmax>
			<ymin>98</ymin>
			<ymax>137</ymax>
		</bndbox>
	</object>
</annotation>
