<annotation>
	<folder></folder>
	<filename>80_jpg.rf.07a6315bfbacdccac9bc6a9beeff2713.jpg</filename>
	<path>80_jpg.rf.07a6315bfbacdccac9bc6a9beeff2713.jpg</path>
	<source>
		<database>roboflow.com</database>
	</source>
	<size>
		<width>640</width>
		<height>640</height>
		<depth>3</depth>
	</size>
	<segmented>0</segmented>
	<object>
		<name>B</name>
		<pose>Unspecified</pose>
		<truncated>0</truncated>
		<difficult>0</difficult>
		<occluded>0</occluded>
		<bndbox>
			<xmin>55</xmin>
			<xmax>99</xmax>
			<ymin>184</ymin>
			<ymax>218</ymax>
		</bndbox>
	</object>
</annotation>
