<annotation>
	<folder></folder>
	<filename>81_jpg.rf.b85315c49fbb3701fe57d27f9c81ed45.jpg</filename>
	<path>81_jpg.rf.b85315c49fbb3701fe57d27f9c81ed45.jpg</path>
	<source>
		<database>roboflow.com</database>
	</source>
	<size>
		<width>640</width>
		<height>640</height>
		<depth>3</depth>
	</size>
	<segmented>0</segmented>
	<object>
		<name>B</name>
		<pose>Unspecified</pose>
		<truncated>0</truncated>
		<difficult>0</difficult>
		<occluded>0</occluded>
		<bndbox>
			<xmin>92</xmin>
			<xmax>124</xmax>
			<ymin>166</ymin>
			<ymax>191</ymax>
		</bndbox>
	</object>
</annotation>
