<annotation>
	<folder></folder>
	<filename>81_jpg.rf.924c8d872b437d542e89bd54b20656d3.jpg</filename>
	<path>81_jpg.rf.924c8d872b437d542e89bd54b20656d3.jpg</path>
	<source>
		<database>roboflow.com</database>
	</source>
	<size>
		<width>640</width>
		<height>640</height>
		<depth>3</depth>
	</size>
	<segmented>0</segmented>
	<object>
		<name>B</name>
		<pose>Unspecified</pose>
		<truncated>0</truncated>
		<difficult>0</difficult>
		<occluded>0</occluded>
		<bndbox>
			<xmin>137</xmin>
			<xmax>175</xmax>
			<ymin>109</ymin>
			<ymax>142</ymax>
		</bndbox>
	</object>
</annotation>
