<annotation>
	<folder></folder>
	<filename>81_jpg.rf.0c8ab8ff9407f1bef55c57b0da08f677.jpg</filename>
	<path>81_jpg.rf.0c8ab8ff9407f1bef55c57b0da08f677.jpg</path>
	<source>
		<database>roboflow.com</database>
	</source>
	<size>
		<width>640</width>
		<height>640</height>
		<depth>3</depth>
	</size>
	<segmented>0</segmented>
	<object>
		<name>B</name>
		<pose>Unspecified</pose>
		<truncated>0</truncated>
		<difficult>0</difficult>
		<occluded>0</occluded>
		<bndbox>
			<xmin>65</xmin>
			<xmax>102</xmax>
			<ymin>210</ymin>
			<ymax>241</ymax>
		</bndbox>
	</object>
</annotation>
