<annotation>
	<folder></folder>
	<filename>82_jpg.rf.51bc8a4c8cfb4ae2af61a0b6f7eb280d.jpg</filename>
	<path>82_jpg.rf.51bc8a4c8cfb4ae2af61a0b6f7eb280d.jpg</path>
	<source>
		<database>roboflow.com</database>
	</source>
	<size>
		<width>640</width>
		<height>640</height>
		<depth>3</depth>
	</size>
	<segmented>0</segmented>
	<object>
		<name>B</name>
		<pose>Unspecified</pose>
		<truncated>0</truncated>
		<difficult>0</difficult>
		<occluded>0</occluded>
		<bndbox>
			<xmin>142</xmin>
			<xmax>186</xmax>
			<ymin>68</ymin>
			<ymax>104</ymax>
		</bndbox>
	</object>
</annotation>
