<annotation>
	<folder></folder>
	<filename>82_jpg.rf.37150e2feb2cbac5a9c93e52beac6868.jpg</filename>
	<path>82_jpg.rf.37150e2feb2cbac5a9c93e52beac6868.jpg</path>
	<source>
		<database>roboflow.com</database>
	</source>
	<size>
		<width>640</width>
		<height>640</height>
		<depth>3</depth>
	</size>
	<segmented>0</segmented>
	<object>
		<name>B</name>
		<pose>Unspecified</pose>
		<truncated>0</truncated>
		<difficult>0</difficult>
		<occluded>0</occluded>
		<bndbox>
			<xmin>166</xmin>
			<xmax>212</xmax>
			<ymin>52</ymin>
			<ymax>91</ymax>
		</bndbox>
	</object>
</annotation>
