<annotation>
	<folder></folder>
	<filename>83_jpg.rf.67112f4d60fba563ef0b8c0cecbe19a7.jpg</filename>
	<path>83_jpg.rf.67112f4d60fba563ef0b8c0cecbe19a7.jpg</path>
	<source>
		<database>roboflow.com</database>
	</source>
	<size>
		<width>640</width>
		<height>640</height>
		<depth>3</depth>
	</size>
	<segmented>0</segmented>
	<object>
		<name>B</name>
		<pose>Unspecified</pose>
		<truncated>0</truncated>
		<difficult>0</difficult>
		<occluded>0</occluded>
		<bndbox>
			<xmin>61</xmin>
			<xmax>108</xmax>
			<ymin>220</ymin>
			<ymax>256</ymax>
		</bndbox>
	</object>
</annotation>
