<annotation>
	<folder></folder>
	<filename>83_jpg.rf.4bbb19a0b491beaacd12107aef99b0e6.jpg</filename>
	<path>83_jpg.rf.4bbb19a0b491beaacd12107aef99b0e6.jpg</path>
	<source>
		<database>roboflow.com</database>
	</source>
	<size>
		<width>640</width>
		<height>640</height>
		<depth>3</depth>
	</size>
	<segmented>0</segmented>
	<object>
		<name>B</name>
		<pose>Unspecified</pose>
		<truncated>0</truncated>
		<difficult>0</difficult>
		<occluded>0</occluded>
		<bndbox>
			<xmin>98</xmin>
			<xmax>141</xmax>
			<ymin>157</ymin>
			<ymax>186</ymax>
		</bndbox>
	</object>
</annotation>
