<annotation>
	<folder></folder>
	<filename>83_jpg.rf.e197a52d5e5dd9c54471d58f908f5369.jpg</filename>
	<path>83_jpg.rf.e197a52d5e5dd9c54471d58f908f5369.jpg</path>
	<source>
		<database>roboflow.com</database>
	</source>
	<size>
		<width>640</width>
		<height>640</height>
		<depth>3</depth>
	</size>
	<segmented>0</segmented>
	<object>
		<name>B</name>
		<pose>Unspecified</pose>
		<truncated>0</truncated>
		<difficult>0</difficult>
		<occluded>0</occluded>
		<bndbox>
			<xmin>108</xmin>
			<xmax>152</xmax>
			<ymin>143</ymin>
			<ymax>174</ymax>
		</bndbox>
	</object>
</annotation>
