<annotation>
	<folder></folder>
	<filename>84_jpg.rf.4988481690185b23e6327bc739b51a92.jpg</filename>
	<path>84_jpg.rf.4988481690185b23e6327bc739b51a92.jpg</path>
	<source>
		<database>roboflow.com</database>
	</source>
	<size>
		<width>640</width>
		<height>640</height>
		<depth>3</depth>
	</size>
	<segmented>0</segmented>
	<object>
		<name>B</name>
		<pose>Unspecified</pose>
		<truncated>0</truncated>
		<difficult>0</difficult>
		<occluded>0</occluded>
		<bndbox>
			<xmin>142</xmin>
			<xmax>194</xmax>
			<ymin>109</ymin>
			<ymax>151</ymax>
		</bndbox>
	</object>
</annotation>
