<annotation>
	<folder></folder>
	<filename>84_jpg.rf.755daf4a9495b4ddf3ecd76c930498bf.jpg</filename>
	<path>84_jpg.rf.755daf4a9495b4ddf3ecd76c930498bf.jpg</path>
	<source>
		<database>roboflow.com</database>
	</source>
	<size>
		<width>640</width>
		<height>640</height>
		<depth>3</depth>
	</size>
	<segmented>0</segmented>
	<object>
		<name>B</name>
		<pose>Unspecified</pose>
		<truncated>0</truncated>
		<difficult>0</difficult>
		<occluded>0</occluded>
		<bndbox>
			<xmin>81</xmin>
			<xmax>129</xmax>
			<ymin>187</ymin>
			<ymax>223</ymax>
		</bndbox>
	</object>
</annotation>
