<annotation>
	<folder></folder>
	<filename>84_jpg.rf.7aee6f48244f145e8408b9706d8f929f.jpg</filename>
	<path>84_jpg.rf.7aee6f48244f145e8408b9706d8f929f.jpg</path>
	<source>
		<database>roboflow.com</database>
	</source>
	<size>
		<width>640</width>
		<height>640</height>
		<depth>3</depth>
	</size>
	<segmented>0</segmented>
	<object>
		<name>B</name>
		<pose>Unspecified</pose>
		<truncated>0</truncated>
		<difficult>0</difficult>
		<occluded>0</occluded>
		<bndbox>
			<xmin>148</xmin>
			<xmax>200</xmax>
			<ymin>103</ymin>
			<ymax>146</ymax>
		</bndbox>
	</object>
</annotation>
