<annotation>
	<folder></folder>
	<filename>8_jpg.rf.336bf9f95c90d0ac2945592f4634ec14.jpg</filename>
	<path>8_jpg.rf.336bf9f95c90d0ac2945592f4634ec14.jpg</path>
	<source>
		<database>roboflow.com</database>
	</source>
	<size>
		<width>640</width>
		<height>640</height>
		<depth>3</depth>
	</size>
	<segmented>0</segmented>
	<object>
		<name>A</name>
		<pose>Unspecified</pose>
		<truncated>0</truncated>
		<difficult>0</difficult>
		<occluded>0</occluded>
		<bndbox>
			<xmin>14</xmin>
			<xmax>69</xmax>
			<ymin>242</ymin>
			<ymax>288</ymax>
		</bndbox>
	</object>
</annotation>
