<annotation>
	<folder></folder>
	<filename>8_jpg.rf.1399d8ec2221595cab8b05bac60fd5e1.jpg</filename>
	<path>8_jpg.rf.1399d8ec2221595cab8b05bac60fd5e1.jpg</path>
	<source>
		<database>roboflow.com</database>
	</source>
	<size>
		<width>640</width>
		<height>640</height>
		<depth>3</depth>
	</size>
	<segmented>0</segmented>
	<object>
		<name>A</name>
		<pose>Unspecified</pose>
		<truncated>0</truncated>
		<difficult>0</difficult>
		<occluded>0</occluded>
		<bndbox>
			<xmin>34</xmin>
			<xmax>86</xmax>
			<ymin>189</ymin>
			<ymax>228</ymax>
		</bndbox>
	</object>
</annotation>
