<annotation>
	<folder></folder>
	<filename>8_jpg.rf.6d2b63952d821c9025cfee1058241c10.jpg</filename>
	<path>8_jpg.rf.6d2b63952d821c9025cfee1058241c10.jpg</path>
	<source>
		<database>roboflow.com</database>
	</source>
	<size>
		<width>640</width>
		<height>640</height>
		<depth>3</depth>
	</size>
	<segmented>0</segmented>
	<object>
		<name>A</name>
		<pose>Unspecified</pose>
		<truncated>0</truncated>
		<difficult>0</difficult>
		<occluded>0</occluded>
		<bndbox>
			<xmin>132</xmin>
			<xmax>186</xmax>
			<ymin>65</ymin>
			<ymax>108</ymax>
		</bndbox>
	</object>
</annotation>
