<annotation>
	<folder></folder>
	<filename>9_jpg.rf.7d9a9c4a6501b55e8eb4f53268b5fa4f.jpg</filename>
	<path>9_jpg.rf.7d9a9c4a6501b55e8eb4f53268b5fa4f.jpg</path>
	<source>
		<database>roboflow.com</database>
	</source>
	<size>
		<width>640</width>
		<height>640</height>
		<depth>3</depth>
	</size>
	<segmented>0</segmented>
	<object>
		<name>A</name>
		<pose>Unspecified</pose>
		<truncated>0</truncated>
		<difficult>0</difficult>
		<occluded>0</occluded>
		<bndbox>
			<xmin>41</xmin>
			<xmax>88</xmax>
			<ymin>147</ymin>
			<ymax>184</ymax>
		</bndbox>
	</object>
</annotation>
