<annotation>
	<folder></folder>
	<filename>9_jpg.rf.731d7970c74b36b777b68ad3cb4d48c2.jpg</filename>
	<path>9_jpg.rf.731d7970c74b36b777b68ad3cb4d48c2.jpg</path>
	<source>
		<database>roboflow.com</database>
	</source>
	<size>
		<width>640</width>
		<height>640</height>
		<depth>3</depth>
	</size>
	<segmented>0</segmented>
	<object>
		<name>A</name>
		<pose>Unspecified</pose>
		<truncated>0</truncated>
		<difficult>0</difficult>
		<occluded>0</occluded>
		<bndbox>
			<xmin>99</xmin>
			<xmax>142</xmax>
			<ymin>82</ymin>
			<ymax>113</ymax>
		</bndbox>
	</object>
</annotation>
