<annotation>
	<folder></folder>
	<filename>9_jpg.rf.8c0120e1dceead3567f444365725d3a4.jpg</filename>
	<path>9_jpg.rf.8c0120e1dceead3567f444365725d3a4.jpg</path>
	<source>
		<database>roboflow.com</database>
	</source>
	<size>
		<width>640</width>
		<height>640</height>
		<depth>3</depth>
	</size>
	<segmented>0</segmented>
	<object>
		<name>A</name>
		<pose>Unspecified</pose>
		<truncated>0</truncated>
		<difficult>0</difficult>
		<occluded>0</occluded>
		<bndbox>
			<xmin>175</xmin>
			<xmax>224</xmax>
			<ymin>25</ymin>
			<ymax>67</ymax>
		</bndbox>
	</object>
</annotation>
